Timestamp,Pack_Voltage,Pack_Current,SOC,SOH,Cell1_Voltage,Cell2_Voltage,Cell3_Voltage,Cell4_Voltage,Cell5_Voltage,Cell6_Voltage,Cell7_Voltage,Cell8_Voltage,Cell9_Voltage,Cell10_Voltage,Cell11_Voltage,Cell12_Voltage,Cell13_Voltage,Cell14_Voltage,Cell15_Voltage,Cell16_Voltage,Cell1_Temp,Cell2_Temp,Cell3_Temp,Cell4_Temp,Cell5_Temp,Cell6_Temp,Cell7_Temp,Cell8_Temp,Cell9_Temp,Cell10_Temp,Cell11_Temp,Cell12_Temp,Cell13_Temp,Cell14_Temp,Cell15_Temp,Cell16_Temp
2026-06-01T08:00:00,65.49,-41.12,91.5,98.6,4.046,4.04,4.041,4.042,4.042,4.041,4.041,4.041,4.047,4.046,4.043,4.046,4.044,4.04,4.04,4.042,26.0,25.0,25.0,25.6,25.9,25.8,26.1,25.0,25.9,26.1,25.9,25.6,25.2,25.2,25.7,25.2
2026-06-01T08:01:00,65.59,-40.22,90.9,98.6,4.037,4.036,4.04,4.039,4.032,4.033,4.038,4.037,4.033,4.034,4.034,4.034,4.033,4.033,4.04,4.037,25.1,25.3,25.5,25.8,25.2,26.0,25.6,25.4,25.5,25.9,26.1,24.9,25.8,25.3,26.0,25.7
2026-06-01T08:02:00,65.32,-45.6,90.3,98.6,4.025,4.034,4.027,4.031,4.028,4.03,4.024,4.033,4.025,4.03,4.026,4.025,4.028,4.026,4.025,4.029,25.8,25.6,26.4,26.0,26.2,25.9,25.3,26.3,26.3,25.9,26.2,25.9,25.8,26.1,26.5,25.9
2026-06-01T08:03:00,65.64,-43.15,89.7,98.6,4.021,4.018,4.021,4.017,4.018,4.022,4.023,4.021,4.024,4.018,4.024,4.021,4.021,4.025,4.027,4.027,25.4,25.8,26.1,25.9,26.2,26.0,25.2,25.6,26.3,25.5,25.3,25.4,25.6,25.1,26.2,25.3
2026-06-01T08:04:00,65.12,-48.06,89.2,98.6,4.016,4.017,4.021,4.015,4.019,4.015,4.017,4.017,4.017,4.014,4.016,4.016,4.014,4.015,4.015,4.017,25.8,26.0,26.1,25.8,26.1,26.2,25.7,25.7,25.8,25.8,26.0,26.6,25.8,25.8,25.6,26.7
2026-06-01T08:05:00,65.13,-46.7,88.7,98.6,4.008,4.011,4.012,4.013,4.01,4.011,4.006,4.01,4.009,4.013,4.007,4.011,4.011,4.003,4.012,4.008,26.4,25.6,26.1,25.4,26.2,25.5,25.7,25.6,25.9,25.5,25.4,25.7,25.9,26.4,26.4,25.5
2026-06-01T08:06:00,65.19,-50.45,88.0,98.6,4.003,3.998,4.0,4.005,4.005,4.002,4.004,4.0,4.005,4.003,4.002,3.997,4.003,4.002,4.003,4.0,26.0,26.8,25.9,26.9,25.7,26.8,26.7,25.8,26.0,26.1,25.7,26.7,26.5,26.3,26.9,26.0
2026-06-01T08:07:00,64.34,-50.64,87.5,98.6,3.995,3.993,3.992,3.997,3.996,3.991,3.993,3.991,3.992,3.995,3.997,3.992,3.993,3.993,3.995,3.989,26.4,26.4,25.7,26.6,26.1,26.1,26.6,26.2,25.9,26.5,26.1,26.1,26.5,26.0,26.7,26.3
2026-06-01T08:08:00,65.12,-56.52,86.9,98.6,3.987,3.982,3.988,3.986,3.986,3.984,3.983,3.99,3.986,3.99,3.989,3.988,3.989,3.988,3.985,3.987,26.5,26.8,26.8,27.1,27.1,27.2,26.5,26.3,26.8,27.5,27.3,26.9,27.4,26.6,27.2,26.6
2026-06-01T08:09:00,64.3,-53.66,86.4,98.6,3.977,3.976,3.98,3.98,3.981,3.983,3.977,3.983,3.98,3.98,3.977,3.981,3.978,3.976,3.977,3.978,26.6,26.8,26.5,26.2,26.7,26.9,26.4,27.1,26.6,26.3,26.4,26.2,26.7,26.7,26.2,26.4
2026-06-01T08:10:00,64.71,-56.2,85.8,98.6,3.976,3.968,3.976,3.976,3.975,3.969,3.972,3.974,3.973,3.975,3.972,3.973,3.975,3.977,3.972,3.971,26.5,26.9,27.0,27.1,26.3,27.0,27.1,27.0,27.2,26.3,27.4,26.3,26.4,27.0,27.2,26.7
2026-06-01T08:11:00,64.36,-59.89,85.3,98.6,3.97,3.97,3.967,3.969,3.966,3.967,3.967,3.964,3.963,3.962,3.966,3.962,3.964,3.969,3.967,3.965,26.8,27.6,27.5,27.6,27.2,27.6,27.7,27.4,27.6,27.6,27.5,27.8,27.2,27.4,26.7,27.0
2026-06-01T08:12:00,64.27,-61.69,84.7,98.6,3.96,3.956,3.955,3.96,3.96,3.958,3.955,3.955,3.963,3.957,3.962,3.957,3.962,3.956,3.954,3.959,27.7,27.0,27.5,27.1,28.0,26.9,27.0,27.2,27.7,27.4,27.4,26.9,27.8,27.6,27.5,27.0
2026-06-01T08:13:00,64.45,-64.2,84.1,98.6,3.953,3.951,3.955,3.953,3.948,3.947,3.947,3.949,3.953,3.956,3.955,3.952,3.952,3.951,3.948,3.955,27.7,28.1,27.9,28.2,27.9,27.2,27.8,28.0,27.9,27.9,27.6,28.2,27.3,27.8,27.9,27.7
2026-06-01T08:14:00,64.69,-62.94,83.6,98.6,3.943,3.95,3.951,3.941,3.945,3.943,3.943,3.944,3.945,3.95,3.944,3.949,3.95,3.943,3.948,3.943,27.1,27.7,27.8,27.9,28.1,27.7,27.4,28.0,27.3,27.6,27.4,27.6,27.6,27.4,27.9,28.1
2026-06-01T08:15:00,64.34,-63.23,83.0,98.6,3.936,3.934,3.936,3.941,3.94,3.937,3.94,3.938,3.942,3.94,3.939,3.936,3.936,3.937,3.936,3.939,27.7,27.7,28.2,27.1,27.9,28.0,27.7,27.6,27.3,28.1,27.3,28.2,27.6,27.7,27.2,27.3
2026-06-01T08:16:00,64.21,-66.5,82.5,98.6,3.933,3.936,3.928,3.936,3.931,3.931,3.933,3.933,3.935,3.931,3.932,3.934,3.933,3.934,3.934,3.933,28.2,28.0,28.1,27.9,28.2,27.6,27.8,28.4,27.8,28.3,27.5,28.6,27.5,27.9,27.4,27.8
2026-06-01T08:17:00,63.55,-61.87,81.9,98.6,3.926,3.922,3.924,3.923,3.921,3.924,3.923,3.922,3.921,3.922,3.927,3.924,3.926,3.925,3.923,3.923,27.0,27.6,27.0,27.2,27.9,27.4,27.6,27.9,27.4,27.5,28.0,27.5,26.9,27.9,27.6,27.6
2026-06-01T08:18:00,63.68,-66.36,81.3,98.6,3.919,3.915,3.917,3.917,3.919,3.921,3.919,3.918,3.919,3.92,3.921,3.917,3.917,3.918,3.912,3.92,28.1,28.1,27.7,27.5,28.0,27.7,28.3,27.5,28.5,28.5,27.8,28.0,28.2,28.5,27.4,28.5
2026-06-01T08:19:00,63.33,-62.77,80.8,98.6,3.914,3.908,3.908,3.912,3.912,3.91,3.908,3.911,3.909,3.911,3.912,3.908,3.913,3.912,3.911,3.909,27.3,28.1,27.1,27.5,28.1,27.1,27.5,27.0,28.1,27.8,27.4,27.1,27.7,27.0,27.1,27.9
2026-06-01T08:20:00,63.89,-62.54,80.3,98.6,3.902,3.905,3.9,3.898,3.901,3.901,3.905,3.902,3.905,3.906,3.905,3.903,3.905,3.902,3.905,3.907,26.9,27.1,27.7,27.9,27.1,27.6,27.9,27.5,27.9,27.5,27.5,27.5,27.0,27.3,27.3,27.5
2026-06-01T08:21:00,63.49,-65.44,79.8,98.6,3.901,3.901,3.897,3.898,3.898,3.897,3.899,3.902,3.899,3.895,3.902,3.903,3.898,3.895,3.898,3.902,28.0,27.5,27.7,27.4,27.7,27.3,27.4,27.9,27.7,28.1,28.1,27.7,28.0,28.3,27.9,28.4
2026-06-01T08:22:00,63.6,-66.69,79.2,98.6,3.899,3.893,3.891,3.895,3.894,3.892,3.894,3.893,3.892,3.893,3.893,3.891,3.896,3.89,3.89,3.891,27.7,27.8,28.4,27.6,28.3,27.8,28.3,27.5,28.2,28.0,28.3,27.7,28.2,28.1,27.7,27.8
2026-06-01T08:23:00,63.38,-59.58,78.6,98.6,3.887,3.892,3.888,3.888,3.891,3.888,3.89,3.895,3.892,3.89,3.888,3.889,3.893,3.894,3.886,3.893,27.4,27.6,26.6,27.6,27.4,26.6,27.3,26.7,27.3,27.0,26.8,27.2,27.5,26.9,27.3,26.8
2026-06-01T08:24:00,63.5,-64.92,78.0,98.6,3.888,3.888,3.886,3.885,3.883,3.884,3.885,3.887,3.888,3.887,3.885,3.881,3.886,3.883,3.886,3.885,27.9,28.2,27.3,27.5,27.6,28.2,28.2,27.7,28.3,28.0,27.4,28.3,27.8,27.7,27.4,27.7
2026-06-01T08:25:00,62.82,-60.49,77.4,98.6,3.885,3.88,3.885,3.885,3.879,3.884,3.885,3.886,3.886,3.883,3.881,3.882,3.879,3.884,3.887,3.882,26.8,27.0,27.8,27.4,27.9,27.4,27.1,27.5,27.5,27.2,26.9,27.3,26.8,27.6,26.7,26.9
2026-06-01T08:26:00,63.51,-59.71,76.9,98.6,3.88,3.879,3.878,3.879,3.881,3.88,3.878,3.881,3.88,3.882,3.877,3.878,3.881,3.882,3.876,3.878,27.1,26.9,27.5,27.0,27.6,27.8,27.1,27.6,26.9,27.3,27.6,26.9,27.1,27.1,26.7,27.8
2026-06-01T08:27:00,62.73,-58.45,76.4,98.6,3.881,3.877,3.879,3.877,3.871,3.877,3.872,3.872,3.874,3.875,3.872,3.876,3.875,3.872,3.88,3.876,27.3,26.8,26.6,26.5,27.5,27.1,26.8,27.4,27.6,27.1,27.0,27.0,27.6,27.1,26.9,27.7
2026-06-01T08:28:00,63.15,-56.11,75.9,98.6,3.875,3.874,3.874,3.874,3.875,3.874,3.868,3.876,3.872,3.869,3.875,3.873,3.875,3.872,3.874,3.869,27.2,26.3,26.4,27.1,26.3,26.6,26.3,27.4,27.1,27.2,26.4,27.1,27.4,27.3,27.1,27.2
2026-06-01T08:29:00,62.77,-56.94,75.3,98.6,3.866,3.869,3.866,3.87,3.874,3.869,3.872,3.871,3.866,3.868,3.872,3.871,3.868,3.867,3.868,3.867,26.7,27.1,27.4,26.6,26.4,27.3,26.5,26.4,26.8,27.0,26.8,27.0,26.6,26.9,26.6,27.5
2026-06-01T08:30:00,62.74,-53.25,74.7,98.6,3.867,3.862,3.867,3.861,3.868,3.867,3.86,3.865,3.865,3.864,3.869,3.868,3.869,3.865,3.867,3.868,27.0,26.8,26.4,27.0,27.1,26.6,26.1,26.6,26.6,26.3,26.6,26.0,26.5,27.0,26.2,27.0
2026-06-01T08:31:00,62.78,-49.69,74.2,98.6,3.857,3.862,3.866,3.862,3.86,3.86,3.863,3.864,3.855,3.862,3.861,3.861,3.862,3.858,3.86,3.861,26.0,26.8,25.9,25.8,26.2,25.8,26.3,26.6,26.4,26.5,26.2,26.8,26.4,25.7,25.9,26.5
2026-06-01T08:32:00,62.93,-53.31,73.5,98.6,3.856,3.856,3.853,3.857,3.853,3.856,3.857,3.855,3.859,3.853,3.858,3.859,3.86,3.856,3.856,3.858,26.3,26.3,26.4,27.0,26.7,26.6,26.3,26.6,26.4,27.0,26.6,27.0,26.4,26.2,26.6,27.1
2026-06-01T08:33:00,62.65,-50.98,73.0,98.6,3.857,3.854,3.851,3.848,3.853,3.853,3.853,3.851,3.854,3.855,3.858,3.856,3.855,3.856,3.853,3.856,26.7,26.6,26.3,26.1,26.5,26.5,26.6,26.7,26.1,26.5,26.7,25.8,26.7,26.6,26.5,25.9
2026-06-01T08:34:00,62.72,-49.03,72.5,98.6,3.845,3.851,3.855,3.845,3.849,3.847,3.848,3.852,3.85,3.849,3.848,3.851,3.855,3.848,3.855,3.852,25.7,26.5,26.4,25.8,26.2,26.7,26.5,26.4,25.9,26.7,25.8,26.0,25.9,26.0,26.7,25.9
2026-06-01T08:35:00,62.44,-47.29,71.9,98.6,3.845,3.844,3.846,3.846,3.847,3.846,3.847,3.849,3.849,3.849,3.848,3.847,3.848,3.845,3.845,3.852,26.0,26.5,26.2,26.2,25.5,25.5,26.1,26.5,25.7,26.2,26.1,26.5,26.5,26.6,26.5,26.5
2026-06-01T08:36:00,62.94,-39.6,71.4,98.6,3.843,3.844,3.841,3.84,3.841,3.844,3.847,3.841,3.838,3.839,3.846,3.842,3.842,3.84,3.846,3.841,25.5,25.8,24.9,25.1,25.8,25.0,25.8,25.6,25.2,25.1,25.2,25.6,25.0,25.4,25.2,25.2
2026-06-01T08:37:00,62.8,-42.37,70.8,98.6,3.835,3.839,3.839,3.836,3.84,3.839,3.836,3.838,3.837,3.838,3.841,3.837,3.842,3.842,3.835,3.845,25.9,25.7,25.8,25.9,25.6,25.7,25.6,25.4,25.3,25.6,25.6,25.6,25.5,25.7,25.1,25.1
2026-06-01T08:38:00,61.82,-44.1,70.3,98.6,3.84,3.837,3.84,3.838,3.836,3.836,3.831,3.835,3.837,3.833,3.836,3.836,3.83,3.832,3.833,3.832,25.9,25.6,25.6,25.8,25.4,26.0,25.2,25.8,25.4,26.3,26.1,26.2,25.3,26.0,25.6,26.2
2026-06-01T08:39:00,62.37,-39.16,69.7,98.6,3.831,3.831,3.829,3.832,3.83,3.835,3.834,3.834,3.83,3.834,3.831,3.835,3.831,3.83,3.833,3.828,25.7,25.6,25.0,25.1,25.8,25.3,25.9,25.2,25.2,25.8,25.7,25.9,25.1,25.9,25.6,25.6
2026-06-01T08:40:00,62.34,-45.59,69.1,98.6,3.829,3.83,3.825,3.826,3.826,3.831,3.827,3.826,3.826,3.832,3.827,3.824,3.828,3.826,3.828,3.827,25.8,26.4,26.4,25.8,25.5,26.2,25.7,25.9,25.8,25.7,25.5,26.4,25.5,26.3,26.1,26.4
2026-06-01T08:41:00,62.61,-47.92,68.5,98.6,3.822,3.825,3.825,3.821,3.826,3.825,3.82,3.825,3.823,3.822,3.824,3.827,3.825,3.82,3.825,3.822,25.7,26.6,25.5,26.6,26.0,26.3,25.9,26.2,25.5,26.1,25.5,26.4,25.6,26.1,25.9,26.1
2026-06-01T08:42:00,61.94,-52.69,68.0,98.6,3.823,3.816,3.815,3.82,3.822,3.818,3.825,3.815,3.824,3.823,3.822,3.818,3.819,3.823,3.819,3.822,26.8,26.6,26.1,26.8,26.0,26.2,26.5,27.0,25.9,27.1,26.8,26.1,26.4,26.8,26.8,26.0
2026-06-01T08:43:00,61.53,-50.18,67.4,98.6,3.816,3.816,3.816,3.817,3.818,3.818,3.811,3.818,3.811,3.814,3.813,3.813,3.813,3.814,3.814,3.82,26.8,25.7,26.3,26.2,25.8,26.5,26.5,26.0,26.0,25.8,26.3,26.1,26.1,26.1,26.8,25.9
2026-06-01T08:44:00,61.92,-51.58,66.9,98.6,3.809,3.811,3.811,3.808,3.815,3.814,3.816,3.809,3.809,3.815,3.813,3.813,3.81,3.814,3.816,3.811,26.3,26.1,26.5,26.2,26.5,26.2,27.0,26.9,27.0,26.6,26.1,26.3,26.5,26.5,26.6,26.6
2026-06-01T08:45:00,62.4,-56.84,66.2,98.6,3.808,3.807,3.809,3.808,3.812,3.81,3.809,3.811,3.808,3.809,3.812,3.806,3.809,3.809,3.808,3.805,27.1,27.2,27.5,26.9,27.0,27.4,26.4,26.7,27.5,27.2,26.3,26.9,26.8,27.0,26.3,27.5
2026-06-01T08:46:00,62.09,-52.88,65.6,98.6,3.802,3.804,3.802,3.802,3.804,3.801,3.806,3.802,3.802,3.802,3.804,3.805,3.806,3.803,3.805,3.805,26.5,26.8,26.9,26.7,27.1,26.1,26.2,26.7,26.7,26.4,26.8,26.0,26.3,27.0,26.6,26.3
2026-06-01T08:47:00,62.21,-60.26,65.0,98.6,3.803,3.799,3.796,3.802,3.797,3.802,3.804,3.796,3.796,3.798,3.8,3.801,3.795,3.798,3.797,3.802,27.0,26.8,26.9,27.2,26.9,27.4,27.3,27.2,26.7,27.8,27.5,27.3,27.6,27.3,27.6,26.8
2026-06-01T08:48:00,61.98,-55.83,64.4,98.6,3.797,3.798,3.8,3.8,3.798,3.797,3.796,3.796,3.792,3.794,3.795,3.796,3.796,3.8,3.797,3.795,27.1,26.3,26.6,26.6,27.4,27.2,27.1,26.4,26.3,26.9,26.6,27.4,27.4,27.4,27.2,27.2
2026-06-01T08:49:00,61.66,-62.31,63.8,98.6,3.792,3.791,3.793,3.792,3.795,3.795,3.792,3.789,3.79,3.794,3.792,3.792,3.794,3.795,3.794,3.79,27.2,27.7,27.5,27.3,26.9,27.8,27.3,27.2,27.2,27.6,27.3,27.0,27.0,26.9,27.7,27.1
2026-06-01T08:50:00,61.78,-64.83,63.3,98.6,3.789,3.787,3.787,3.784,3.787,3.791,3.786,3.788,3.788,3.792,3.791,3.785,3.791,3.788,3.783,3.789,27.4,28.0,28.0,27.3,27.2,28.4,27.3,27.3,27.3,27.3,27.8,27.7,27.4,28.2,28.1,28.3
2026-06-01T08:51:00,61.59,-60.89,62.7,98.6,3.781,3.786,3.788,3.783,3.786,3.79,3.782,3.787,3.787,3.785,3.789,3.779,3.779,3.785,3.785,3.786,27.4,27.7,27.5,27.3,26.8,27.3,27.4,27.9,27.8,27.6,27.7,27.1,27.7,27.3,26.8,27.1
2026-06-01T08:52:00,61.89,-61.7,62.2,98.6,3.781,3.784,3.784,3.776,3.781,3.784,3.783,3.785,3.781,3.782,3.781,3.777,3.78,3.78,3.779,3.783,27.6,26.9,27.8,27.3,27.2,27.0,27.0,27.8,27.0,27.9,27.8,27.7,27.4,27.5,27.0,27.1
2026-06-01T08:53:00,62.24,-63.99,61.6,98.6,3.78,3.775,3.781,3.779,3.778,3.774,3.78,3.783,3.777,3.776,3.776,3.778,3.779,3.782,3.773,3.778,27.7,28.2,28.2,27.5,27.4,27.7,28.0,27.2,28.1,27.1,27.4,27.8,27.3,27.4,27.4,28.1
2026-06-01T08:54:00,61.43,-68.05,61.1,98.6,3.775,3.772,3.779,3.779,3.775,3.769,3.775,3.776,3.772,3.777,3.771,3.777,3.771,3.776,3.772,3.772,28.2,27.6,27.7,28.2,28.7,27.7,28.2,27.9,28.5,27.9,27.8,27.8,28.1,27.8,27.7,28.6
2026-06-01T08:55:00,61.18,-66.37,60.6,98.6,3.773,3.768,3.771,3.767,3.772,3.772,3.776,3.773,3.772,3.772,3.774,3.776,3.767,3.773,3.768,3.767,27.5,28.0,28.6,27.9,27.9,27.4,27.5,28.1,27.7,27.4,27.5,27.8,27.6,27.8,27.6,27.7
2026-06-01T08:56:00,61.48,-68.04,60.1,98.6,3.766,3.763,3.767,3.77,3.773,3.768,3.767,3.765,3.768,3.769,3.77,3.767,3.766,3.772,3.772,3.77,28.2,27.7,28.2,28.5,28.0,28.7,27.8,28.6,28.8,28.8,28.4,28.7,27.8,28.0,27.8,28.4
2026-06-01T08:57:00,61.44,-68.29,59.6,98.6,3.768,3.763,3.767,3.762,3.762,3.766,3.768,3.761,3.769,3.769,3.767,3.761,3.769,3.764,3.767,3.762,28.3,28.8,28.0,27.9,27.6,27.8,28.6,28.3,28.6,28.0,27.7,27.8,28.8,28.8,28.5,27.8
2026-06-01T08:58:00,61.77,-63.27,59.0,98.6,3.766,3.766,3.763,3.758,3.758,3.763,3.758,3.763,3.756,3.755,3.764,3.76,3.757,3.762,3.758,3.761,27.5,27.0,28.2,28.1,27.3,28.1,27.8,27.3,27.3,27.5,28.1,27.7,28.0,27.2,27.4,27.1
2026-06-01T08:59:00,61.69,-61.84,58.5,98.6,3.759,3.754,3.754,3.755,3.752,3.759,3.754,3.753,3.753,3.755,3.752,3.753,3.755,3.756,3.756,3.755,27.9,27.6,28.0,27.0,27.1,27.7,27.1,27.8,27.4,27.6,27.0,27.9,27.4,27.5,27.3,27.4
2026-06-01T09:00:00,61.75,-61.78,57.9,98.6,3.753,3.755,3.755,3.752,3.754,3.751,3.754,3.755,3.754,3.758,3.754,3.757,3.753,3.749,3.751,3.757,27.2,27.5,27.8,27.9,27.4,27.7,27.8,27.0,28.0,27.0,27.4,27.8,27.9,27.3,27.4,27.6
2026-06-01T09:01:00,61.44,-63.48,57.4,98.6,3.747,3.753,3.748,3.749,3.748,3.745,3.751,3.752,3.753,3.747,3.747,3.747,3.753,3.747,3.745,3.752,27.7,28.1,27.4,27.5,27.8,27.2,27.1,27.3,28.1,27.4,27.9,27.2,28.0,27.8,28.0,28.1
2026-06-01T09:02:00,61.37,-65.03,56.8,98.6,3.744,3.746,3.749,3.747,3.745,3.745,3.745,3.749,3.744,3.746,3.743,3.749,3.743,3.749,3.749,3.74,28.2,27.4,27.5,28.1,27.8,27.2,27.4,27.6,28.1,27.7,28.4,28.0,27.2,27.2,27.9,28.2
2026-06-01T09:03:00,61.27,-59.92,56.1,98.6,3.742,3.739,3.744,3.738,3.743,3.741,3.739,3.743,3.743,3.745,3.744,3.743,3.744,3.738,3.74,3.739,27.1,27.2,27.1,27.4,27.4,26.8,27.4,27.5,26.8,27.6,27.4,27.4,27.1,27.5,27.5,27.6
2026-06-01T09:04:00,60.48,-63.59,55.5,98.6,3.741,3.732,3.74,3.738,3.737,3.739,3.737,3.74,3.735,3.739,3.735,3.734,3.74,3.74,3.737,3.732,27.3,27.3,27.3,27.1,27.4,27.4,27.6,28.2,27.6,27.4,27.2,27.7,27.4,27.6,27.8,28.0
2026-06-01T09:05:00,60.83,-56.4,54.9,98.6,3.734,3.734,3.736,3.73,3.733,3.735,3.734,3.732,3.735,3.735,3.738,3.736,3.738,3.732,3.735,3.732,26.4,26.7,26.3,26.3,26.5,26.6,26.4,26.5,26.6,26.7,26.7,26.5,26.7,26.4,26.5,26.3
2026-06-01T09:06:00,60.79,-60.65,54.4,98.6,3.734,3.726,3.729,3.727,3.728,3.728,3.73,3.725,3.726,3.728,3.726,3.729,3.726,3.733,3.726,3.725,27.5,27.2,27.3,27.5,27.5,26.9,27.6,26.8,27.0,27.6,27.3,27.1,27.8,26.9,27.6,27.0
2026-06-01T09:07:00,60.79,-60.01,53.8,98.6,3.724,3.721,3.725,3.726,3.726,3.726,3.724,3.727,3.726,3.728,3.725,3.723,3.729,3.724,3.728,3.724,26.9,27.6,26.8,27.7,27.1,27.7,26.9,27.0,27.6,26.8,27.8,27.4,26.9,26.7,27.8,26.8
2026-06-01T09:08:00,60.61,-53.75,53.3,98.6,3.725,3.723,3.723,3.722,3.72,3.723,3.724,3.721,3.724,3.722,3.721,3.72,3.723,3.719,3.719,3.717,26.9,27.2,26.6,26.8,26.8,26.7,26.8,27.0,26.6,26.1,26.5,27.0,26.5,26.8,26.7,26.7
2026-06-01T09:09:00,60.83,-53.66,52.8,98.6,3.718,3.722,3.716,3.719,3.719,3.716,3.722,3.718,3.717,3.716,3.722,3.722,3.72,3.72,3.722,3.719,26.8,26.1,26.7,26.8,26.9,27.0,26.6,26.2,26.9,26.2,26.5,26.1,27.0,26.5,26.2,26.0
2026-06-01T09:10:00,60.16,-54.35,52.2,98.6,3.717,3.715,3.717,3.715,3.716,3.718,3.715,3.714,3.718,3.713,3.714,3.718,3.715,3.713,3.715,3.716,26.8,26.5,26.7,27.2,27.2,26.2,27.0,27.1,26.8,26.4,27.2,26.7,26.2,26.7,27.0,27.1
2026-06-01T09:11:00,60.44,-51.43,51.6,98.6,3.705,3.709,3.708,3.711,3.708,3.715,3.713,3.714,3.714,3.716,3.709,3.713,3.715,3.713,3.713,3.708,26.6,26.0,26.8,26.7,25.9,26.8,26.1,26.1,26.2,26.2,26.1,26.8,26.6,26.4,26.9,26.6
2026-06-01T09:12:00,59.91,-44.48,51.1,98.6,3.707,3.707,3.707,3.704,3.709,3.707,3.705,3.704,3.706,3.704,3.706,3.712,3.704,3.711,3.712,3.712,25.3,25.6,25.4,26.3,25.8,26.1,25.4,25.7,25.4,25.6,25.8,26.4,25.7,25.9,25.6,25.6
2026-06-01T09:13:00,60.14,-45.29,50.5,98.6,3.708,3.706,3.705,3.706,3.702,3.706,3.701,3.707,3.706,3.701,3.698,3.704,3.701,3.701,3.704,3.706,25.7,25.3,25.9,26.4,25.3,26.3,25.9,26.2,26.1,25.6,26.2,25.5,26.0,26.1,26.0,26.1
2026-06-01T09:14:00,60.39,-39.49,49.9,98.6,3.696,3.698,3.699,3.7,3.701,3.704,3.7,3.698,3.7,3.699,3.698,3.698,3.701,3.703,3.705,3.699,25.7,25.6,25.0,25.5,25.6,25.7,25.5,24.8,25.9,25.9,25.6,25.1,25.0,25.8,25.4,24.9
2026-06-01T09:15:00,60.2,-37.62,49.3,98.6,3.694,3.695,3.698,3.695,3.695,3.693,3.694,3.696,3.698,3.694,3.697,3.692,3.697,3.691,3.695,3.699,24.8,25.4,25.2,25.4,25.1,25.0,25.2,25.6,25.1,24.9,25.7,25.0,24.8,24.7,25.4,25.3
2026-06-01T09:16:00,60.01,-45.24,48.7,98.6,3.69,3.69,3.691,3.695,3.689,3.691,3.696,3.689,3.687,3.691,3.691,3.695,3.693,3.69,3.692,3.694,26.1,25.9,26.0,26.0,25.8,26.0,25.8,25.8,25.3,25.7,25.3,26.1,26.2,25.5,26.0,25.7
2026-06-01T09:17:00,59.65,-46.59,48.1,98.6,3.688,3.688,3.683,3.688,3.687,3.687,3.687,3.686,3.684,3.687,3.683,3.692,3.685,3.684,3.693,3.691,25.9,26.0,25.4,25.6,25.5,26.2,25.6,25.4,25.5,26.0,25.6,26.0,26.1,25.9,25.6,26.3
2026-06-01T09:18:00,59.78,-47.94,47.6,98.6,3.685,3.684,3.68,3.684,3.681,3.681,3.681,3.686,3.687,3.681,3.683,3.683,3.687,3.681,3.686,3.682,26.0,25.9,26.5,25.6,26.2,26.1,25.6,26.5,26.1,26.1,26.4,26.4,25.6,25.7,26.5,26.3
2026-06-01T09:19:00,59.68,-49.71,47.0,98.6,3.675,3.681,3.678,3.683,3.679,3.681,3.679,3.678,3.683,3.682,3.676,3.679,3.68,3.674,3.683,3.676,26.4,26.1,25.9,26.1,26.5,26.2,25.9,26.5,26.4,26.5,26.1,26.5,26.8,25.8,25.7,25.7
2026-06-01T09:20:00,59.51,-48.43,46.4,98.6,3.678,3.679,3.674,3.672,3.675,3.671,3.675,3.674,3.677,3.672,3.678,3.674,3.68,3.673,3.676,3.681,26.6,26.0,26.5,26.2,25.7,25.5,26.4,26.2,25.6,26.5,26.7,25.7,25.8,25.6,26.5,26.5
2026-06-01T09:21:00,59.55,-51.85,45.8,98.6,3.676,3.676,3.672,3.667,3.676,3.672,3.669,3.669,3.67,3.672,3.676,3.671,3.674,3.67,3.67,3.674,26.7,26.4,25.9,26.6,26.1,26.4,26.1,26.8,26.4,26.1,26.9,26.7,26.1,26.0,26.6,26.7
2026-06-01T09:22:00,59.35,-53.4,45.3,98.6,3.67,3.671,3.671,3.667,3.668,3.668,3.673,3.668,3.668,3.667,3.669,3.667,3.669,3.664,3.665,3.666,27.0,27.1,26.2,26.9,26.6,26.2,26.5,26.2,26.7,26.3,26.4,26.8,26.3,26.7,26.3,26.4
2026-06-01T09:23:00,59.71,-51.97,44.6,98.6,3.662,3.666,3.665,3.663,3.664,3.666,3.663,3.666,3.659,3.667,3.664,3.664,3.668,3.663,3.663,3.665,26.0,26.8,26.8,26.5,25.9,26.6,26.3,26.1,26.9,26.5,26.8,26.4,26.3,26.0,26.2,26.8
2026-06-01T09:24:00,59.66,-53.0,44.1,98.6,3.658,3.659,3.66,3.659,3.663,3.661,3.656,3.659,3.661,3.658,3.658,3.66,3.657,3.659,3.66,3.665,26.7,27.0,27.1,26.0,27.1,26.1,27.0,26.4,26.2,27.0,26.3,26.9,27.0,27.1,26.5,26.1
2026-06-01T09:25:00,59.94,-58.72,43.5,98.6,3.658,3.657,3.658,3.655,3.654,3.655,3.662,3.652,3.652,3.656,3.655,3.655,3.656,3.66,3.66,3.658,27.1,26.9,27.0,26.9,27.5,26.5,27.1,26.9,27.0,27.0,27.0,27.0,27.6,26.8,27.0,26.9
2026-06-01T09:26:00,59.59,-60.42,42.9,98.6,3.648,3.652,3.652,3.649,3.651,3.657,3.653,3.65,3.651,3.657,3.654,3.653,3.653,3.656,3.65,3.651,26.7,26.8,27.6,27.3,27.6,27.6,27.8,26.8,27.7,26.8,27.6,26.7,27.3,27.5,27.4,27.3
2026-06-01T09:27:00,59.97,-58.6,42.3,98.6,3.648,3.645,3.646,3.647,3.646,3.649,3.644,3.654,3.646,3.65,3.654,3.651,3.65,3.652,3.648,3.646,27.5,27.3,26.8,26.5,27.1,26.6,27.2,27.2,27.3,26.8,27.4,26.7,26.7,27.0,26.7,27.4
2026-06-01T09:28:00,59.84,-59.89,41.7,98.6,3.64,3.642,3.645,3.642,3.643,3.644,3.645,3.644,3.643,3.643,3.643,3.648,3.645,3.644,3.642,3.642,27.0,26.6,26.9,27.6,27.4,27.3,27.4,26.8,27.6,26.9,27.3,27.3,27.1,27.7,27.7,26.7
2026-06-01T09:29:00,59.31,-63.11,41.0,98.6,3.639,3.642,3.636,3.642,3.639,3.639,3.642,3.641,3.643,3.637,3.64,3.638,3.638,3.641,3.64,3.643,27.8,27.0,28.1,27.9,27.6,27.2,27.1,27.5,27.2,27.4,27.5,28.2,27.9,27.7,27.9,28.1
2026-06-01T09:30:00,59.32,-63.03,40.5,98.6,3.637,3.634,3.637,3.637,3.639,3.632,3.636,3.637,3.641,3.638,3.638,3.636,3.635,3.638,3.637,3.635,28.2,27.2,28.0,27.6,27.2,27.1,27.3,27.5,27.8,28.0,28.1,27.9,27.0,28.0,28.0,27.7
2026-06-01T09:31:00,58.48,-60.18,39.9,98.6,3.631,3.631,3.628,3.631,3.631,3.63,3.631,3.629,3.628,3.633,3.634,3.63,3.634,3.631,3.631,3.637,26.7,27.3,27.5,27.4,27.0,26.8,27.1,27.6,27.3,26.9,27.0,27.0,27.5,27.0,27.0,27.8
2026-06-01T09:32:00,59.88,-64.1,39.3,98.6,3.626,3.63,3.634,3.63,3.626,3.627,3.628,3.629,3.625,3.624,3.632,3.628,3.629,3.63,3.629,3.631,28.0,27.2,28.1,27.9,27.1,27.3,27.7,27.9,27.9,27.4,27.2,27.6,27.9,28.1,27.6,27.5
2026-06-01T09:33:00,59.51,-67.8,38.8,98.6,3.623,3.627,3.625,3.622,3.625,3.626,3.63,3.622,3.624,3.621,3.626,3.622,3.628,3.621,3.629,3.627,28.1,27.8,28.0,28.0,28.7,28.3,28.5,27.9,28.3,28.7,27.8,28.7,28.2,28.2,27.9,27.7
2026-06-01T09:34:00,59.74,-68.96,38.1,98.6,3.623,3.623,3.625,3.623,3.622,3.623,3.616,3.621,3.618,3.62,3.621,3.621,3.617,3.621,3.621,3.621,28.3,28.1,28.6,28.2,28.8,28.6,28.6,28.4,28.5,28.3,28.5,28.3,27.7,28.0,28.9,28.8
2026-06-01T09:35:00,59.79,-68.84,37.5,98.6,3.616,3.614,3.618,3.618,3.618,3.617,3.615,3.617,3.617,3.614,3.619,3.616,3.615,3.617,3.621,3.616,28.2,27.7,28.0,28.4,28.6,28.7,28.3,28.3,27.7,28.0,28.2,28.3,28.2,28.6,27.8,27.9
2026-06-01T09:36:00,59.21,-65.46,36.9,98.6,3.611,3.616,3.609,3.612,3.614,3.613,3.614,3.614,3.611,3.613,3.608,3.61,3.611,3.611,3.61,3.611,28.3,27.4,27.7,28.2,27.7,28.4,27.4,28.1,28.2,27.4,28.0,28.3,28.3,27.8,28.0,28.0
2026-06-01T09:37:00,59.35,-64.81,36.3,98.6,3.603,3.606,3.61,3.604,3.61,3.61,3.608,3.604,3.606,3.608,3.609,3.609,3.606,3.612,3.614,3.608,28.0,28.0,28.3,27.4,28.0,27.4,28.3,27.6,27.7,27.3,27.8,27.9,27.9,28.0,27.5,27.8
2026-06-01T09:38:00,59.29,-67.75,35.7,98.6,3.605,3.603,3.607,3.604,3.609,3.604,3.6,3.606,3.601,3.604,3.6,3.604,3.608,3.607,3.604,3.608,28.1,28.4,27.6,28.5,28.0,28.3,27.9,28.1,28.4,28.3,27.9,28.6,28.1,28.2,28.0,27.9
2026-06-01T09:39:00,59.19,-64.86,35.2,98.6,3.6,3.605,3.604,3.605,3.601,3.605,3.598,3.6,3.603,3.599,3.604,3.601,3.605,3.602,3.605,3.599,28.0,27.6,27.2,28.2,27.9,28.0,27.7,27.7,27.5,28.1,27.2,27.4,27.8,28.2,28.0,27.7
2026-06-01T09:40:00,59.53,-63.89,34.6,98.6,3.599,3.595,3.598,3.597,3.594,3.595,3.593,3.596,3.594,3.594,3.597,3.594,3.592,3.595,3.601,3.597,27.2,27.7,27.8,27.5,27.5,27.3,27.8,27.5,27.9,27.2,27.6,27.9,27.6,27.8,27.8,27.9
2026-06-01T09:41:00,58.76,-62.51,34.0,98.6,3.598,3.592,3.593,3.595,3.593,3.596,3.596,3.591,3.592,3.596,3.591,3.593,3.593,3.594,3.592,3.595,27.5,28.0,27.7,27.2,27.7,27.8,28.0,27.5,27.1,27.1,27.9,27.9,27.4,28.1,27.9,27.4
2026-06-01T09:42:00,58.71,-62.26,33.4,98.6,3.588,3.59,3.591,3.591,3.593,3.59,3.594,3.589,3.587,3.589,3.588,3.59,3.593,3.587,3.586,3.588,27.6,27.4,27.1,27.0,27.3,27.0,28.0,27.1,27.4,27.7,28.0,27.4,27.0,27.4,27.3,27.7
2026-06-01T09:43:00,59.04,-61.21,32.9,98.6,3.59,3.587,3.584,3.587,3.587,3.585,3.581,3.587,3.588,3.585,3.586,3.586,3.583,3.588,3.585,3.587,27.1,27.2,27.4,27.0,27.8,27.6,26.8,27.3,27.5,27.7,27.0,27.3,27.5,27.1,27.4,27.5
2026-06-01T09:44:00,58.04,-58.83,32.3,98.6,3.58,3.587,3.58,3.583,3.579,3.579,3.584,3.583,3.587,3.58,3.584,3.581,3.587,3.579,3.584,3.582,27.7,27.1,26.6,27.7,27.5,26.9,27.1,27.0,26.9,27.4,26.6,26.6,27.3,27.1,26.7,26.5
2026-06-01T09:45:00,58.36,-52.51,31.8,98.6,3.578,3.58,3.58,3.576,3.581,3.584,3.579,3.58,3.579,3.577,3.581,3.58,3.58,3.579,3.578,3.582,26.4,26.7,26.9,26.1,26.5,26.2,26.1,26.7,26.1,26.8,26.3,26.1,27.0,27.0,27.0,26.4
2026-06-01T09:46:00,58.22,-57.28,31.2,98.6,3.572,3.578,3.574,3.575,3.577,3.57,3.571,3.569,3.577,3.577,3.576,3.578,3.579,3.576,3.577,3.579,26.8,27.2,26.8,27.0,26.4,26.9,26.6,27.5,27.5,26.5,27.1,27.5,26.7,27.1,26.9,26.7
2026-06-01T09:47:00,58.33,-49.46,30.7,98.6,3.573,3.569,3.571,3.571,3.569,3.574,3.566,3.569,3.569,3.572,3.575,3.575,3.575,3.57,3.574,3.574,26.0,25.9,26.7,26.2,25.9,26.5,26.3,26.7,26.7,26.4,26.2,26.1,26.5,26.7,26.3,26.4
2026-06-01T09:48:00,58.19,-49.51,30.1,98.6,3.569,3.568,3.563,3.566,3.568,3.569,3.566,3.565,3.566,3.569,3.565,3.565,3.568,3.565,3.562,3.569,25.7,26.4,26.1,26.7,25.7,25.8,26.3,26.3,26.6,25.7,25.7,26.4,26.7,26.7,26.4,25.7
2026-06-01T09:49:00,57.99,-49.98,29.6,98.6,3.559,3.566,3.566,3.565,3.566,3.568,3.568,3.568,3.564,3.561,3.564,3.558,3.566,3.562,3.561,3.564,26.0,25.9,25.8,25.9,26.6,26.0,25.8,26.6,25.8,26.5,26.8,26.7,25.7,25.9,26.7,26.6
2026-06-01T09:50:00,57.69,-47.92,29.0,98.6,3.561,3.555,3.564,3.557,3.557,3.56,3.559,3.557,3.564,3.558,3.561,3.56,3.558,3.559,3.559,3.56,26.2,26.1,26.4,25.7,25.6,26.1,26.3,26.4,26.0,25.5,26.0,26.4,26.6,26.0,26.3,25.7
2026-06-01T09:51:00,57.54,-45.76,28.5,98.6,3.558,3.56,3.554,3.558,3.556,3.559,3.553,3.552,3.555,3.56,3.558,3.562,3.559,3.559,3.559,3.555,25.4,25.7,25.9,26.4,25.4,26.5,26.1,26.3,25.7,26.2,25.5,25.4,26.5,25.6,25.6,26.4
2026-06-01T09:52:00,57.68,-43.02,28.0,98.6,3.555,3.553,3.554,3.552,3.55,3.549,3.55,3.556,3.549,3.556,3.552,3.554,3.55,3.553,3.557,3.557,25.6,25.7,26.1,25.7,26.2,25.8,25.4,26.0,26.0,26.0,25.8,26.1,25.6,25.7,25.2,25.1
2026-06-01T09:53:00,57.65,-43.77,27.4,98.6,3.551,3.549,3.548,3.549,3.546,3.552,3.55,3.548,3.545,3.548,3.551,3.551,3.553,3.552,3.551,3.545,25.6,25.3,26.0,25.4,26.3,25.4,25.5,25.5,25.7,26.0,25.5,26.3,25.2,25.2,26.3,26.0
2026-06-01T09:54:00,57.14,-41.85,26.7,98.6,3.545,3.541,3.545,3.547,3.546,3.545,3.548,3.542,3.541,3.55,3.543,3.549,3.55,3.545,3.54,3.542,25.6,25.5,25.1,26.1,25.4,25.7,25.5,25.9,25.6,25.0,25.2,25.3,25.8,25.3,25.1,25.7
2026-06-01T09:55:00,57.41,-40.22,26.2,98.6,3.539,3.538,3.54,3.54,3.545,3.543,3.547,3.539,3.541,3.543,3.539,3.539,3.543,3.544,3.541,3.538,25.5,26.0,25.0,24.9,25.3,25.2,25.5,25.9,25.7,25.5,25.9,24.9,25.1,24.9,25.7,25.1
2026-06-01T09:56:00,58.1,-44.53,25.6,98.6,3.535,3.536,3.538,3.535,3.542,3.542,3.539,3.533,3.542,3.542,3.538,3.539,3.533,3.536,3.539,3.535,26.2,25.5,26.2,25.7,25.5,25.7,25.9,25.8,25.3,25.3,25.7,26.1,25.6,26.2,25.9,25.2
2026-06-01T09:57:00,57.22,-46.09,24.9,98.6,3.536,3.536,3.533,3.533,3.535,3.536,3.533,3.535,3.529,3.529,3.534,3.531,3.534,3.531,3.537,3.532,26.1,25.9,25.5,25.4,26.0,25.9,25.9,25.5,26.4,25.6,25.7,26.4,25.5,26.0,26.1,26.1
2026-06-01T09:58:00,57.42,-46.7,24.4,98.6,3.529,3.529,3.525,3.533,3.529,3.53,3.527,3.528,3.533,3.531,3.527,3.53,3.525,3.532,3.532,3.527,25.9,25.5,25.6,26.4,26.0,25.9,26.5,25.8,26.1,26.2,25.6,25.6,25.5,25.5,25.4,26.0
2026-06-01T09:59:00,57.33,-48.28,23.8,98.6,3.522,3.529,3.525,3.523,3.531,3.523,3.524,3.524,3.522,3.528,3.523,3.525,3.528,3.523,3.524,3.521,26.3,26.6,25.7,26.5,25.9,26.4,25.6,25.8,26.6,25.6,26.3,26.0,25.9,25.8,25.6,26.4
2026-06-01T10:00:00,57.71,-55.24,23.3,98.6,3.518,3.522,3.521,3.518,3.522,3.526,3.522,3.518,3.52,3.52,3.524,3.525,3.524,3.525,3.522,3.521,26.9,26.7,27.2,27.2,26.4,26.3,26.2,26.9,27.3,26.6,26.3,26.5,26.5,26.6,26.6,27.1
2026-06-01T10:01:00,57.4,-52.16,22.7,98.6,3.519,3.513,3.521,3.518,3.513,3.521,3.519,3.518,3.52,3.521,3.517,3.52,3.52,3.52,3.52,3.519,26.0,25.9,26.3,26.6,26.8,26.1,26.2,26.5,26.4,26.2,25.9,26.2,26.0,26.0,26.7,26.9
2026-06-01T10:02:00,56.57,-56.95,22.2,98.6,3.515,3.511,3.516,3.512,3.511,3.514,3.516,3.51,3.51,3.518,3.513,3.518,3.516,3.515,3.516,3.513,27.5,26.4,27.2,26.7,26.7,26.6,27.4,26.7,26.9,27.4,27.0,26.8,26.4,26.9,27.1,26.9
2026-06-01T10:03:00,57.41,-61.15,21.5,98.6,3.513,3.509,3.509,3.511,3.508,3.509,3.51,3.509,3.511,3.506,3.513,3.515,3.514,3.512,3.511,3.506,27.1,27.2,26.9,27.2,27.3,27.5,27.3,27.2,27.7,27.6,27.0,27.3,27.5,27.4,27.2,27.6
2026-06-01T10:04:00,57.03,-58.12,21.0,98.6,3.502,3.51,3.507,3.503,3.506,3.506,3.503,3.506,3.51,3.508,3.511,3.506,3.511,3.504,3.508,3.509,26.9,26.7,26.6,27.4,27.0,26.6,27.4,27.5,26.5,27.2,26.9,26.5,26.6,27.6,27.6,27.5
2026-06-01T10:05:00,57.74,-58.83,20.5,98.6,3.505,3.503,3.501,3.507,3.504,3.506,3.506,3.506,3.504,3.505,3.507,3.501,3.506,3.502,3.504,3.506,27.2,26.8,26.7,26.8,27.0,27.0,27.6,27.4,27.7,27.3,27.5,26.9,27.5,27.5,27.0,26.6
2026-06-01T10:06:00,57.42,-64.57,19.9,98.6,3.502,3.5,3.502,3.498,3.501,3.501,3.497,3.5,3.495,3.499,3.498,3.495,3.502,3.501,3.499,3.501,28.2,27.2,28.3,28.2,28.1,27.8,28.1,27.2,27.9,27.6,27.3,28.3,28.2,27.5,27.5,28.1
2026-06-01T10:07:00,57.57,-60.49,19.4,98.6,3.483,3.486,3.488,3.489,3.484,3.483,3.485,3.486,3.484,3.485,3.485,3.482,3.487,3.483,3.481,3.487,27.8,27.8,27.4,26.9,27.2,26.8,26.8,27.8,26.8,27.7,27.3,27.4,27.5,26.9,27.4,27.5
2026-06-01T10:08:00,56.99,-63.33,18.9,98.6,3.474,3.474,3.466,3.471,3.477,3.472,3.472,3.472,3.471,3.476,3.47,3.467,3.476,3.474,3.473,3.472,27.9,27.3,27.4,28.2,27.7,27.3,27.5,27.7,27.6,27.2,27.2,27.2,27.9,28.1,27.3,27.4
2026-06-01T10:09:00,56.86,-68.21,18.2,98.6,3.455,3.457,3.452,3.458,3.458,3.458,3.46,3.454,3.454,3.46,3.46,3.454,3.459,3.458,3.459,3.452,28.4,27.8,27.9,28.8,28.0,28.2,27.7,27.8,27.9,28.3,28.3,28.5,27.6,28.1,28.6,28.6
2026-06-01T10:10:00,56.91,-65.95,18,98.6,3.448,3.453,3.454,3.446,3.447,3.453,3.449,3.448,3.451,3.45,3.451,3.45,3.453,3.453,3.45,3.451,28.1,28.2,28.0,28.1,27.4,27.8,28.4,27.5,28.2,27.9,27.7,28.1,27.9,28.0,28.3,27.8
2026-06-01T10:11:00,56.31,-61.25,18,98.6,3.449,3.447,3.449,3.453,3.449,3.449,3.445,3.448,3.45,3.447,3.45,3.447,3.449,3.452,3.455,3.448,27.6,27.5,27.3,27.0,27.8,26.8,26.9,27.6,27.1,26.9,27.0,27.8,27.3,27.1,27.0,27.5
2026-06-01T10:12:00,56.53,-67.97,18,98.6,3.446,3.453,3.451,3.453,3.451,3.445,3.448,3.448,3.45,3.447,3.448,3.448,3.451,3.448,3.444,3.454,28.1,28.7,28.3,28.4,27.9,27.7,28.6,28.3,28.5,28.1,27.8,28.7,28.3,28.6,28.3,28.6
2026-06-01T10:13:00,56.53,-66.8,18,98.6,3.45,3.45,3.453,3.452,3.447,3.449,3.453,3.445,3.448,3.453,3.453,3.449,3.453,3.454,3.45,3.45,28.0,28.1,28.0,27.9,28.5,28.0,28.3,27.6,27.7,28.1,27.6,28.6,28.3,28.4,28.3,27.7
2026-06-01T10:14:00,55.68,-65.48,18,98.6,3.447,3.448,3.449,3.445,3.449,3.447,3.448,3.448,3.452,3.449,3.445,3.454,3.445,3.455,3.448,3.45,27.3,27.7,28.3,27.8,27.5,27.7,27.6,27.9,28.4,28.3,28.0,28.2,28.0,27.4,27.9,28.0
2026-06-01T10:15:00,56.94,-62.87,18,98.6,3.453,3.451,3.449,3.45,3.45,3.448,3.449,3.454,3.445,3.454,3.45,3.448,3.453,3.452,3.449,3.452,27.5,27.9,27.1,27.4,27.9,27.9,27.5,27.4,27.0,27.1,27.2,27.7,27.0,27.8,27.4,27.3
2026-06-01T10:16:00,56.75,-65.53,18,98.6,3.452,3.448,3.453,3.454,3.447,3.45,3.449,3.447,3.451,3.453,3.453,3.445,3.45,3.45,3.452,3.454,28.1,27.9,28.1,27.8,27.3,28.2,27.6,27.9,27.3,27.6,28.4,27.7,27.3,27.6,28.4,27.9
2026-06-01T10:17:00,56.53,-65.97,18,98.6,3.451,3.449,3.452,3.447,3.452,3.453,3.448,3.449,3.451,3.448,3.451,3.455,3.448,3.453,3.448,3.453,27.7,28.2,27.9,28.0,27.4,27.4,27.9,27.9,27.8,27.8,27.9,27.5,27.5,27.5,28.2,28.5
2026-06-01T10:18:00,56.74,-62.7,18,98.6,3.445,3.453,3.451,3.448,3.449,3.446,3.45,3.454,3.452,3.45,3.451,3.453,3.447,3.455,3.453,3.452,27.4,27.5,27.6,28.0,27.5,28.0,27.6,27.5,27.9,27.5,27.3,27.4,27.6,27.8,27.8,27.8
2026-06-01T10:19:00,56.69,-61.29,18,98.6,3.449,3.449,3.447,3.449,3.447,3.453,3.453,3.448,3.449,3.448,3.445,3.446,3.448,3.447,3.448,3.448,27.5,27.5,27.9,27.0,27.1,27.3,27.3,26.8,27.8,26.9,27.0,27.1,27.5,26.9,27.3,27.8
2026-06-01T10:20:00,56.34,-56.55,18,98.6,3.451,3.445,3.449,3.449,3.454,3.452,3.448,3.449,3.455,3.451,3.446,3.45,3.453,3.452,3.451,3.447,26.7,26.8,26.8,26.6,26.6,26.6,27.0,26.7,26.9,26.8,27.3,26.3,27.0,26.7,26.9,27.0
2026-06-01T10:21:00,55.93,-56.62,18,98.6,3.446,3.448,3.453,3.448,3.449,3.449,3.447,3.446,3.451,3.453,3.453,3.448,3.451,3.452,3.453,3.451,27.0,27.0,27.1,27.2,27.5,27.0,27.1,27.4,27.4,26.9,26.4,27.1,27.3,26.5,26.3,26.8
2026-06-01T10:22:00,56.16,-54.5,18,98.6,3.447,3.449,3.449,3.454,3.449,3.453,3.451,3.452,3.445,3.449,3.451,3.455,3.448,3.454,3.448,3.453,26.8,26.4,26.4,26.3,26.5,26.7,26.8,26.2,26.4,26.7,26.9,26.7,26.6,27.2,26.6,26.9
2026-06-01T10:23:00,56.96,-54.86,18,98.6,3.454,3.448,3.445,3.449,3.454,3.447,3.449,3.453,3.448,3.447,3.45,3.453,3.451,3.445,3.451,3.453,26.4,26.6,26.2,27.0,26.2,26.5,26.7,26.9,26.2,26.2,27.2,27.0,26.2,26.5,26.3,26.5
2026-06-01T10:24:00,56.12,-54.42,18,98.6,3.448,3.451,3.449,3.454,3.45,3.449,3.447,3.451,3.45,3.452,3.451,3.451,3.45,3.446,3.447,3.45,26.2,26.8,26.5,26.8,27.0,26.3,26.1,26.8,26.6,26.4,26.4,27.0,27.0,26.5,26.8,26.7
2026-06-01T10:25:00,55.94,-54.29,18,98.6,3.448,3.454,3.452,3.45,3.454,3.447,3.445,3.447,3.449,3.45,3.449,3.445,3.447,3.45,3.446,3.451,26.3,26.5,27.2,26.7,26.6,27.0,26.1,26.8,27.2,26.3,26.5,26.2,26.8,26.1,27.1,26.7
2026-06-01T10:26:00,56.51,-47.16,18,98.6,3.447,3.451,3.447,3.453,3.456,3.445,3.451,3.449,3.446,3.448,3.447,3.454,3.452,3.45,3.451,3.45,25.9,26.5,26.4,26.6,26.5,26.5,25.9,26.6,26.1,26.3,26.4,26.6,25.5,25.5,26.2,26.0
2026-06-01T10:27:00,55.58,-46.35,18,98.6,3.452,3.448,3.449,3.449,3.45,3.453,3.445,3.449,3.451,3.45,3.448,3.451,3.453,3.454,3.445,3.447,25.9,26.4,25.6,25.8,26.0,26.0,25.9,25.9,25.9,25.7,25.6,25.4,26.1,25.5,25.6,25.7
2026-06-01T10:28:00,56.09,-48.3,18,98.6,3.456,3.454,3.45,3.449,3.451,3.451,3.449,3.451,3.452,3.447,3.45,3.45,3.449,3.454,3.45,3.452,26.4,25.5,26.4,26.2,26.1,26.0,26.1,26.4,26.4,26.4,26.0,26.2,25.5,25.9,26.0,25.9
2026-06-01T10:29:00,56.46,-39.91,18,98.6,3.452,3.449,3.452,3.447,3.446,3.451,3.447,3.451,3.448,3.449,3.447,3.453,3.447,3.448,3.446,3.452,26.0,25.6,26.0,25.5,25.5,24.9,24.9,25.1,25.2,24.9,25.0,25.0,25.4,25.9,25.4,25.6
2026-06-01T10:30:00,54.55,21.73,18.6,98.6,3.461,3.461,3.467,3.465,3.465,3.468,3.467,3.465,3.467,3.465,3.465,3.465,3.468,3.467,3.467,3.467,24.0,24.8,24.9,24.7,24.4,24.2,24.0,24.7,24.0,25.0,24.2,24.9,24.1,24.5,24.0,24.4
2026-06-01T10:31:00,55.28,19.62,19.2,98.6,3.478,3.482,3.483,3.479,3.482,3.48,3.479,3.476,3.479,3.478,3.477,3.477,3.483,3.482,3.479,3.477,24.6,24.6,23.8,24.1,23.8,24.9,24.8,23.9,24.2,24.6,24.0,24.0,24.7,24.8,23.8,24.7
2026-06-01T10:32:00,55.5,21.6,19.8,98.6,3.496,3.493,3.499,3.491,3.491,3.491,3.497,3.492,3.493,3.493,3.492,3.494,3.492,3.496,3.498,3.498,24.2,24.1,24.8,24.3,24.5,24.5,24.1,24.3,24.4,24.6,24.1,25.0,25.0,25.0,24.7,24.7
2026-06-01T10:33:00,55.78,19.75,20.4,98.6,3.505,3.502,3.503,3.501,3.501,3.502,3.502,3.5,3.501,3.507,3.502,3.505,3.499,3.5,3.507,3.505,24.8,24.5,24.5,24.9,24.8,24.7,24.2,24.0,24.5,24.1,24.7,24.5,24.8,24.4,24.0,24.5
2026-06-01T10:34:00,55.68,19.85,21.0,98.6,3.508,3.506,3.504,3.509,3.508,3.503,3.505,3.506,3.51,3.506,3.51,3.502,3.51,3.505,3.506,3.506,24.0,24.0,24.8,23.8,24.6,24.1,24.5,23.9,24.0,24.6,24.7,24.8,24.5,24.1,24.2,23.9
2026-06-01T10:35:00,55.78,20.06,21.6,98.6,3.506,3.512,3.516,3.511,3.508,3.51,3.509,3.512,3.513,3.515,3.508,3.513,3.508,3.509,3.511,3.513,24.4,24.9,24.2,24.5,24.9,24.0,24.9,24.3,24.5,24.1,24.5,24.5,24.6,24.9,24.7,24.2
2026-06-01T10:36:00,55.63,20.36,22.2,98.6,3.515,3.515,3.513,3.519,3.517,3.513,3.513,3.515,3.516,3.515,3.515,3.518,3.51,3.516,3.514,3.516,24.1,24.6,24.3,23.9,24.2,24.9,25.0,23.9,24.6,24.2,24.0,24.8,24.0,24.9,24.5,24.1
2026-06-01T10:37:00,55.88,19.68,22.8,98.6,3.518,3.518,3.519,3.521,3.515,3.522,3.517,3.524,3.523,3.514,3.515,3.522,3.521,3.521,3.52,3.517,24.3,23.8,24.4,24.4,24.9,24.3,24.2,24.7,24.2,24.1,24.6,23.9,24.1,24.2,24.3,24.9
2026-06-01T10:38:00,56.22,21.37,23.4,98.6,3.52,3.523,3.522,3.528,3.527,3.52,3.523,3.521,3.522,3.524,3.52,3.521,3.519,3.522,3.524,3.524,24.2,24.3,24.3,25.0,24.7,24.0,24.8,24.8,24.5,24.3,24.1,24.6,24.7,24.9,24.1,24.0
2026-06-01T10:39:00,56.08,18.85,24.0,98.6,3.527,3.531,3.528,3.529,3.528,3.528,3.522,3.531,3.527,3.525,3.528,3.525,3.529,3.524,3.525,3.529,24.5,24.6,24.2,24.2,24.7,23.9,24.6,23.9,24.9,23.8,24.9,24.5,24.4,24.4,24.9,24.3
2026-06-01T10:40:00,55.81,20.19,24.6,98.6,3.533,3.533,3.532,3.531,3.534,3.529,3.53,3.528,3.535,3.535,3.534,3.53,3.531,3.528,3.532,3.532,24.1,25.0,24.8,24.2,24.8,24.7,24.8,24.2,24.8,24.2,24.7,24.1,24.8,24.7,24.8,24.0
2026-06-01T10:41:00,55.71,18.75,25.2,98.6,3.532,3.538,3.537,3.537,3.535,3.533,3.533,3.537,3.532,3.535,3.535,3.538,3.538,3.535,3.531,3.533,24.0,23.7,24.5,24.9,24.8,23.9,24.5,24.5,24.0,24.9,24.5,24.6,24.0,23.9,24.5,24.4
2026-06-01T10:42:00,56.2,20.0,25.8,98.6,3.536,3.538,3.537,3.537,3.539,3.538,3.541,3.542,3.536,3.54,3.534,3.54,3.542,3.539,3.534,3.54,24.5,23.9,24.7,23.8,24.7,24.5,23.9,24.8,24.0,23.9,24.0,23.8,24.2,24.9,24.9,24.6
2026-06-01T10:43:00,55.76,19.57,26.4,98.6,3.544,3.542,3.541,3.539,3.547,3.54,3.538,3.545,3.54,3.541,3.547,3.542,3.543,3.546,3.542,3.54,24.9,24.0,24.0,24.7,24.0,24.5,24.2,23.8,24.6,24.6,24.0,24.7,23.9,23.8,23.9,23.8
2026-06-01T10:44:00,56.22,20.1,27.0,98.6,3.548,3.547,3.545,3.547,3.546,3.55,3.548,3.545,3.55,3.549,3.543,3.543,3.544,3.547,3.547,3.549,23.8,24.2,24.0,24.7,24.6,24.5,24.9,24.7,24.5,23.9,24.0,24.6,24.9,24.5,24.9,24.1
2026-06-01T10:45:00,56.63,19.41,27.6,98.6,3.555,3.555,3.548,3.554,3.548,3.552,3.55,3.551,3.555,3.553,3.553,3.55,3.555,3.552,3.554,3.547,24.1,24.2,23.8,23.9,24.4,24.9,24.6,24.9,24.2,24.6,24.6,24.9,24.4,24.9,24.4,24.7
2026-06-01T10:46:00,56.23,19.61,28.3,98.6,3.552,3.553,3.551,3.554,3.552,3.557,3.555,3.554,3.552,3.552,3.553,3.551,3.553,3.553,3.554,3.556,24.8,24.7,24.1,24.4,24.9,23.8,24.3,24.1,24.8,23.9,24.4,24.3,24.0,24.3,23.9,23.9
2026-06-01T10:47:00,56.7,19.07,28.8,98.6,3.559,3.555,3.563,3.557,3.557,3.562,3.563,3.564,3.554,3.556,3.558,3.564,3.557,3.556,3.558,3.562,24.0,24.2,23.9,24.5,24.4,24.1,24.3,24.2,23.8,24.6,24.1,24.2,24.6,24.3,24.8,24.7
2026-06-01T10:48:00,56.81,18.56,29.5,98.6,3.562,3.564,3.558,3.566,3.558,3.562,3.562,3.563,3.561,3.56,3.561,3.565,3.562,3.56,3.565,3.565,24.9,24.0,24.9,24.4,24.2,24.0,24.3,24.0,24.2,23.8,24.0,23.8,24.1,23.7,24.1,24.6
2026-06-01T10:49:00,56.25,19.49,30.1,98.6,3.567,3.569,3.564,3.567,3.569,3.567,3.566,3.565,3.571,3.572,3.57,3.568,3.564,3.562,3.57,3.567,24.2,24.6,24.8,24.6,24.4,24.9,23.8,24.0,24.8,24.3,23.8,24.3,24.6,24.4,24.6,24.8
2026-06-01T10:50:00,56.72,20.77,30.6,98.6,3.573,3.567,3.574,3.571,3.568,3.57,3.567,3.576,3.574,3.574,3.57,3.568,3.572,3.568,3.572,3.57,24.1,24.0,24.7,24.4,24.6,23.8,24.0,24.1,24.1,23.8,24.2,24.4,24.5,24.8,24.9,24.4
2026-06-01T10:51:00,56.49,20.74,31.3,98.6,3.576,3.575,3.576,3.572,3.578,3.574,3.577,3.574,3.576,3.57,3.575,3.571,3.577,3.578,3.572,3.578,24.7,24.8,24.8,24.5,24.0,24.2,24.0,24.0,24.6,24.0,23.9,24.9,24.4,24.5,24.8,23.8
2026-06-01T10:52:00,57.15,18.49,31.8,98.6,3.577,3.577,3.579,3.579,3.576,3.581,3.58,3.58,3.58,3.577,3.581,3.58,3.574,3.578,3.584,3.578,24.9,24.1,24.3,23.9,23.8,23.9,24.1,23.9,24.2,24.0,24.8,23.9,24.9,23.8,24.8,24.3
2026-06-01T10:53:00,57.26,19.5,32.4,98.6,3.581,3.585,3.587,3.586,3.581,3.583,3.586,3.58,3.579,3.58,3.583,3.585,3.583,3.583,3.585,3.583,24.1,23.9,24.9,23.8,23.9,24.2,24.3,24.9,24.9,24.1,24.2,24.7,24.2,24.4,24.4,24.6
2026-06-01T10:54:00,57.0,19.89,33.0,98.6,3.589,3.592,3.587,3.589,3.592,3.586,3.586,3.584,3.587,3.585,3.583,3.584,3.583,3.59,3.586,3.588,24.4,23.8,24.8,23.9,24.9,23.8,24.6,24.9,24.6,24.8,23.9,24.7,24.6,24.1,24.7,23.9
2026-06-01T10:55:00,57.07,20.24,33.6,98.6,3.593,3.594,3.592,3.592,3.59,3.593,3.591,3.593,3.593,3.593,3.594,3.586,3.592,3.589,3.592,3.59,23.8,24.8,24.9,24.3,24.4,24.0,24.0,24.8,24.1,24.0,24.0,24.5,24.1,24.5,24.4,24.1
2026-06-01T10:56:00,56.62,20.47,34.2,98.6,3.59,3.59,3.593,3.598,3.591,3.593,3.595,3.597,3.596,3.598,3.597,3.598,3.598,3.596,3.597,3.596,24.9,24.1,24.7,24.6,24.7,24.0,24.5,24.0,23.9,24.7,24.0,24.7,24.2,24.2,24.8,24.0
2026-06-01T10:57:00,56.98,19.32,34.8,98.6,3.596,3.599,3.601,3.594,3.601,3.596,3.6,3.598,3.594,3.596,3.603,3.599,3.598,3.598,3.6,3.598,24.3,24.8,24.7,24.1,24.1,24.0,24.3,24.5,24.4,24.2,23.9,24.9,24.3,24.6,24.6,23.7
2026-06-01T10:58:00,57.4,20.0,35.3,98.6,3.598,3.599,3.605,3.606,3.603,3.603,3.604,3.597,3.603,3.603,3.601,3.6,3.603,3.597,3.602,3.603,24.3,24.5,23.9,24.9,24.2,24.3,24.1,24.3,23.8,24.9,24.3,24.9,24.5,24.2,24.8,24.1
2026-06-01T10:59:00,57.55,19.88,35.9,98.6,3.609,3.603,3.607,3.607,3.603,3.605,3.606,3.611,3.603,3.605,3.609,3.602,3.603,3.602,3.606,3.604,24.7,24.3,23.9,24.6,24.7,24.6,24.9,24.6,24.3,23.9,24.4,24.8,24.9,24.9,24.0,24.9
2026-06-01T11:00:00,57.9,20.26,36.5,98.6,3.608,3.614,3.609,3.611,3.606,3.608,3.611,3.609,3.615,3.611,3.611,3.614,3.61,3.608,3.609,3.608,24.4,24.5,24.2,24.7,24.3,24.4,24.6,24.5,25.0,24.5,24.4,23.9,23.8,24.0,24.0,24.9
2026-06-01T11:01:00,57.47,20.03,37.1,98.6,3.617,3.61,3.614,3.618,3.614,3.609,3.618,3.615,3.614,3.616,3.613,3.617,3.614,3.616,3.618,3.612,24.7,24.0,24.1,24.3,24.3,24.2,24.5,25.0,24.0,24.7,24.5,24.8,23.9,24.5,24.5,24.9
2026-06-01T11:02:00,57.14,17.85,37.7,98.6,3.617,3.619,3.618,3.618,3.62,3.617,3.621,3.622,3.617,3.617,3.619,3.618,3.616,3.62,3.616,3.619,24.5,24.1,24.2,24.0,24.3,24.6,24.0,24.5,24.2,24.0,24.3,24.2,23.8,24.5,24.8,23.7
2026-06-01T11:03:00,57.76,17.72,38.3,98.6,3.621,3.626,3.621,3.624,3.618,3.623,3.619,3.624,3.625,3.621,3.621,3.62,3.62,3.623,3.625,3.622,24.9,24.4,24.6,23.7,23.9,23.9,24.6,24.3,24.3,24.3,23.9,24.7,24.4,24.6,24.7,24.7
2026-06-01T11:04:00,57.28,19.0,38.9,98.6,3.625,3.621,3.626,3.629,3.621,3.628,3.627,3.622,3.624,3.629,3.627,3.625,3.627,3.626,3.623,3.628,23.8,24.3,24.7,24.1,24.1,23.8,24.7,23.7,24.7,24.2,23.8,24.8,24.8,24.1,24.7,24.2
2026-06-01T11:05:00,57.89,17.45,39.4,98.6,3.628,3.628,3.635,3.632,3.631,3.625,3.631,3.629,3.63,3.631,3.626,3.624,3.626,3.628,3.632,3.635,24.4,24.7,24.0,24.7,24.4,24.6,24.6,24.0,24.5,24.8,24.4,23.7,24.5,23.9,24.8,24.7
2026-06-01T11:06:00,58.34,17.81,40.1,98.6,3.63,3.635,3.631,3.638,3.637,3.631,3.637,3.635,3.631,3.637,3.63,3.628,3.635,3.632,3.638,3.632,24.4,23.9,23.8,24.8,24.2,24.4,24.1,24.0,24.4,24.6,24.9,23.9,23.8,24.3,24.1,24.3
2026-06-01T11:07:00,58.27,19.72,40.6,98.6,3.638,3.639,3.635,3.641,3.642,3.64,3.639,3.639,3.635,3.633,3.64,3.636,3.638,3.64,3.634,3.634,24.8,24.0,24.1,23.9,24.0,23.8,24.1,24.3,24.4,23.9,24.3,24.5,24.3,24.9,23.8,23.9
2026-06-01T11:08:00,57.85,17.6,41.3,98.6,3.639,3.639,3.64,3.642,3.643,3.644,3.637,3.637,3.639,3.639,3.644,3.641,3.645,3.645,3.637,3.643,24.7,24.6,24.4,24.3,24.0,24.1,24.8,24.2,24.0,24.7,24.4,23.8,24.9,23.9,24.0,24.6
2026-06-01T11:09:00,57.64,19.84,41.8,98.6,3.645,3.645,3.649,3.645,3.645,3.649,3.645,3.649,3.645,3.651,3.649,3.645,3.648,3.649,3.645,3.645,23.8,24.8,24.8,24.6,24.9,23.9,24.6,24.6,24.5,24.6,24.9,24.6,24.3,23.8,24.5,24.9
2026-06-01T11:10:00,58.35,19.2,42.4,98.6,3.651,3.654,3.647,3.644,3.648,3.65,3.647,3.653,3.645,3.652,3.645,3.65,3.651,3.647,3.651,3.651,23.9,24.5,24.7,24.1,24.1,23.7,24.1,24.7,24.1,24.4,24.3,24.5,23.8,24.1,24.1,24.0
2026-06-01T11:11:00,58.04,17.17,43.0,98.6,3.65,3.655,3.656,3.652,3.655,3.652,3.656,3.656,3.651,3.654,3.655,3.651,3.651,3.657,3.649,3.65,24.3,24.1,23.8,24.8,24.2,23.7,24.2,24.0,23.8,24.0,24.1,24.7,23.7,24.1,24.2,24.6
2026-06-01T11:12:00,58.34,18.74,43.6,98.6,3.656,3.656,3.655,3.654,3.653,3.653,3.659,3.653,3.663,3.659,3.661,3.657,3.658,3.658,3.661,3.659,24.3,24.7,24.9,24.5,24.4,24.0,24.2,24.2,24.7,24.5,24.2,24.7,24.6,24.1,24.3,24.6
2026-06-01T11:13:00,58.31,16.98,44.2,98.6,3.659,3.66,3.664,3.66,3.662,3.665,3.661,3.659,3.661,3.664,3.663,3.665,3.662,3.666,3.658,3.661,24.2,24.0,24.4,24.8,24.0,24.7,24.5,24.4,24.1,24.0,24.1,24.1,24.4,24.3,24.8,24.1
2026-06-01T11:14:00,58.39,16.74,44.9,98.6,3.664,3.67,3.667,3.665,3.663,3.664,3.668,3.668,3.667,3.662,3.663,3.67,3.667,3.665,3.664,3.661,24.2,24.6,24.7,24.6,24.4,23.7,24.7,24.5,24.3,24.2,23.8,23.9,24.5,24.7,24.3,24.5
2026-06-01T11:15:00,58.45,19.28,45.5,98.6,3.671,3.669,3.669,3.669,3.668,3.666,3.667,3.672,3.668,3.667,3.673,3.667,3.671,3.665,3.67,3.671,24.4,24.5,23.8,23.8,24.1,24.5,24.9,24.6,24.9,24.8,24.2,23.9,24.1,24.0,23.9,24.8
2026-06-01T11:16:00,58.43,18.49,46.1,98.6,3.679,3.674,3.678,3.671,3.67,3.675,3.674,3.669,3.677,3.677,3.672,3.673,3.675,3.672,3.67,3.673,24.6,24.9,24.4,24.8,23.8,24.2,24.9,24.6,24.7,24.4,24.5,23.9,24.9,24.2,24.4,24.8
2026-06-01T11:17:00,58.59,18.82,46.7,98.6,3.68,3.679,3.674,3.678,3.679,3.674,3.679,3.68,3.683,3.68,3.68,3.682,3.675,3.681,3.675,3.677,24.6,23.9,24.1,24.1,23.9,24.4,24.1,24.6,24.1,24.0,23.8,24.5,23.9,24.6,24.7,24.6
2026-06-01T11:18:00,58.81,18.34,47.3,98.6,3.678,3.683,3.683,3.679,3.679,3.681,3.679,3.687,3.684,3.685,3.685,3.679,3.685,3.682,3.681,3.686,24.2,24.0,24.7,23.9,23.8,24.1,24.8,24.7,24.1,24.2,23.8,24.6,24.8,24.4,24.2,23.9
2026-06-01T11:19:00,58.89,16.38,48.0,98.6,3.688,3.686,3.687,3.69,3.684,3.683,3.686,3.688,3.685,3.686,3.685,3.688,3.684,3.681,3.69,3.686,23.9,24.1,24.4,24.4,24.0,24.2,24.8,23.9,24.0,23.7,24.0,24.4,23.7,24.5,23.7,24.5
2026-06-01T11:20:00,58.44,17.06,48.5,98.6,3.69,3.687,3.689,3.69,3.693,3.69,3.69,3.694,3.688,3.687,3.691,3.69,3.691,3.691,3.689,3.691,24.4,24.2,24.1,24.2,23.8,24.1,24.2,23.9,24.8,24.6,24.3,23.9,24.5,23.8,23.9,24.3
2026-06-01T11:21:00,58.23,17.48,49.2,98.6,3.697,3.694,3.694,3.691,3.693,3.69,3.697,3.696,3.695,3.696,3.696,3.694,3.692,3.696,3.697,3.695,23.7,24.2,24.0,24.6,24.6,24.6,24.1,24.5,24.2,23.8,24.2,24.0,23.8,24.4,24.8,23.8
2026-06-01T11:22:00,59.28,16.96,49.8,98.6,3.694,3.702,3.703,3.697,3.699,3.702,3.701,3.697,3.699,3.697,3.702,3.697,3.698,3.698,3.7,3.697,24.2,23.8,24.7,24.3,24.7,24.4,24.5,24.1,24.0,23.9,24.8,24.4,24.1,24.4,24.0,24.7
2026-06-01T11:23:00,58.67,17.86,50.4,98.6,3.701,3.699,3.706,3.703,3.699,3.701,3.703,3.706,3.699,3.703,3.706,3.7,3.702,3.705,3.699,3.705,24.1,24.7,23.9,24.4,23.8,24.7,24.9,24.5,24.7,24.8,24.6,23.7,24.4,24.7,24.5,24.2
2026-06-01T11:24:00,59.46,16.85,51.0,98.6,3.703,3.71,3.706,3.708,3.707,3.711,3.71,3.704,3.703,3.707,3.71,3.706,3.711,3.704,3.704,3.706,23.8,24.0,24.4,24.5,24.2,24.0,24.7,23.7,24.8,23.8,24.0,24.8,23.7,23.9,24.0,24.4
2026-06-01T11:25:00,59.01,17.46,51.6,98.6,3.708,3.709,3.71,3.706,3.712,3.71,3.71,3.713,3.712,3.709,3.713,3.709,3.709,3.712,3.712,3.709,24.0,24.6,24.3,24.7,24.8,23.8,23.8,24.6,24.3,24.0,24.6,24.0,24.2,24.0,24.7,24.4
2026-06-01T11:26:00,58.59,16.45,52.2,98.6,3.715,3.712,3.712,3.717,3.714,3.712,3.714,3.712,3.716,3.717,3.713,3.714,3.711,3.715,3.711,3.718,24.4,24.6,24.7,24.4,23.9,24.7,24.7,24.5,23.7,24.1,24.0,23.9,24.6,24.5,23.7,24.1
2026-06-01T11:27:00,58.67,15.95,52.8,98.6,3.718,3.72,3.717,3.714,3.718,3.716,3.719,3.718,3.719,3.718,3.722,3.718,3.719,3.714,3.718,3.72,24.5,24.4,24.2,23.9,24.2,24.8,24.7,23.6,24.1,23.9,23.9,24.4,24.8,24.7,23.8,24.5
2026-06-01T11:28:00,59.24,17.55,53.4,98.6,3.721,3.722,3.72,3.725,3.723,3.724,3.718,3.723,3.723,3.725,3.721,3.725,3.721,3.727,3.723,3.72,23.9,24.2,24.6,24.1,24.5,24.9,24.5,23.9,24.2,24.2,24.3,24.2,24.0,24.3,24.5,23.9
2026-06-01T11:29:00,59.05,17.64,54.0,98.6,3.726,3.732,3.728,3.728,3.722,3.724,3.727,3.725,3.726,3.729,3.73,3.728,3.728,3.725,3.723,3.729,24.2,24.5,24.3,24.2,24.9,24.5,23.8,24.1,24.4,24.7,24.0,24.0,23.8,24.0,24.6,24.1
2026-06-01T11:30:00,59.24,18.06,54.7,98.6,3.735,3.729,3.729,3.73,3.732,3.731,3.729,3.73,3.73,3.735,3.736,3.734,3.734,3.73,3.73,3.732,24.3,24.9,23.9,24.1,24.3,24.1,24.4,24.3,24.3,24.8,24.5,24.3,24.4,23.7,24.5,24.4
2026-06-01T11:31:00,59.93,18.68,55.3,98.6,3.733,3.731,3.731,3.733,3.734,3.733,3.734,3.739,3.74,3.737,3.736,3.737,3.737,3.736,3.73,3.738,24.6,24.3,23.8,24.8,24.0,24.5,24.9,24.8,24.3,24.6,23.7,24.6,24.2,24.5,24.4,24.5
2026-06-01T11:32:00,59.67,15.68,55.9,98.6,3.743,3.743,3.74,3.737,3.74,3.737,3.738,3.735,3.739,3.74,3.737,3.742,3.741,3.737,3.743,3.738,24.3,24.8,24.4,24.2,24.2,24.2,24.6,24.0,24.5,23.8,23.8,24.5,24.1,23.9,24.7,23.8
2026-06-01T11:33:00,59.37,15.74,56.6,98.6,3.74,3.74,3.74,3.742,3.743,3.746,3.746,3.742,3.747,3.745,3.744,3.742,3.741,3.741,3.743,3.746,24.0,24.7,24.5,24.3,24.2,23.7,24.3,24.0,23.9,24.6,24.6,23.7,23.8,24.1,23.7,24.7
2026-06-01T11:34:00,59.43,15.55,57.1,98.6,3.746,3.746,3.75,3.747,3.745,3.748,3.752,3.747,3.751,3.749,3.753,3.752,3.748,3.747,3.746,3.746,24.0,23.6,24.3,24.6,24.0,24.8,24.7,24.5,23.7,24.7,23.9,23.8,24.8,24.6,23.6,24.0
2026-06-01T11:35:00,60.08,15.71,57.7,98.6,3.747,3.754,3.751,3.754,3.754,3.752,3.752,3.756,3.75,3.752,3.75,3.75,3.753,3.751,3.749,3.752,23.9,24.1,24.2,24.7,24.5,23.8,24.6,24.5,23.7,24.3,24.5,24.6,24.7,23.8,24.0,24.0
2026-06-01T11:36:00,60.5,16.58,58.3,98.6,3.754,3.758,3.756,3.756,3.756,3.757,3.757,3.757,3.755,3.754,3.76,3.755,3.756,3.754,3.753,3.753,24.5,23.7,24.7,24.0,24.2,24.1,24.0,24.6,24.2,24.1,24.3,23.8,24.4,24.5,24.0,24.1
2026-06-01T11:37:00,59.96,18.03,59.0,98.6,3.757,3.763,3.757,3.761,3.757,3.755,3.761,3.764,3.764,3.76,3.757,3.762,3.762,3.761,3.762,3.764,24.0,23.9,24.1,24.1,24.0,24.6,24.0,24.0,24.6,23.8,24.9,24.2,24.8,23.7,24.5,24.2
2026-06-01T11:38:00,59.89,15.66,59.5,98.6,3.765,3.765,3.765,3.765,3.766,3.761,3.761,3.766,3.759,3.759,3.767,3.762,3.759,3.763,3.762,3.76,23.9,24.2,24.5,24.4,24.4,23.6,23.9,24.0,24.0,24.5,24.4,24.7,24.0,24.5,24.4,24.6
2026-06-01T11:39:00,60.17,18.16,60.1,98.6,3.768,3.771,3.767,3.767,3.769,3.772,3.767,3.77,3.767,3.764,3.769,3.769,3.766,3.773,3.766,3.771,23.9,24.0,23.7,24.1,23.7,24.3,23.9,23.8,24.4,24.6,24.2,24.4,23.8,24.6,24.2,24.3
2026-06-01T11:40:00,60.16,17.69,60.7,98.6,3.77,3.77,3.771,3.771,3.769,3.773,3.769,3.77,3.775,3.773,3.768,3.771,3.769,3.769,3.774,3.775,24.1,24.8,24.9,24.4,24.9,24.8,24.4,24.1,24.5,24.7,24.7,24.8,24.8,24.0,24.6,23.8
2026-06-01T11:41:00,59.98,16.97,61.3,98.6,3.778,3.777,3.778,3.777,3.774,3.778,3.772,3.773,3.777,3.776,3.771,3.779,3.773,3.78,3.773,3.779,24.2,23.7,24.9,24.2,23.8,24.3,24.5,24.6,24.5,24.2,24.0,23.8,24.1,23.9,23.7,24.0
2026-06-01T11:42:00,59.66,15.88,61.9,98.6,3.781,3.78,3.777,3.779,3.78,3.779,3.776,3.779,3.778,3.782,3.779,3.777,3.777,3.778,3.778,3.782,24.3,24.0,24.1,23.8,24.2,24.5,24.1,23.9,23.9,24.8,23.8,24.7,24.7,24.3,23.6,24.0
2026-06-01T11:43:00,60.4,15.73,62.5,98.6,3.787,3.782,3.788,3.786,3.782,3.779,3.784,3.788,3.783,3.786,3.782,3.78,3.779,3.781,3.779,3.784,24.4,24.7,24.6,23.9,24.1,23.7,24.5,23.7,23.9,24.4,24.2,24.3,24.6,24.2,24.3,24.3
2026-06-01T11:44:00,60.11,17.35,63.1,98.6,3.782,3.786,3.788,3.786,3.786,3.785,3.788,3.787,3.787,3.786,3.789,3.786,3.786,3.786,3.787,3.786,23.9,24.3,24.7,24.6,24.4,24.6,23.9,24.8,24.0,24.0,24.8,24.8,23.7,24.8,24.3,24.6
2026-06-01T11:45:00,60.2,15.59,63.7,98.6,3.79,3.79,3.787,3.795,3.79,3.793,3.791,3.793,3.789,3.79,3.791,3.794,3.796,3.792,3.789,3.793,23.7,24.3,24.5,24.4,24.8,24.6,24.2,23.8,24.5,24.1,24.1,24.6,23.6,24.5,24.0,24.3
2026-06-01T11:46:00,59.82,15.5,64.2,98.6,3.791,3.796,3.797,3.798,3.794,3.792,3.796,3.793,3.797,3.791,3.791,3.796,3.791,3.793,3.795,3.796,24.0,24.2,24.4,24.2,24.1,23.9,23.7,24.0,23.8,23.9,24.3,24.3,24.5,24.5,24.7,23.8
2026-06-01T11:47:00,60.45,16.25,64.8,98.6,3.798,3.798,3.795,3.797,3.802,3.797,3.802,3.8,3.801,3.8,3.797,3.804,3.797,3.803,3.796,3.8,24.5,23.7,24.1,24.3,23.7,24.2,24.2,24.5,24.6,24.7,24.4,24.6,24.2,24.4,24.0,24.6
2026-06-01T11:48:00,60.49,16.09,65.4,98.6,3.803,3.801,3.803,3.805,3.803,3.801,3.798,3.806,3.806,3.799,3.801,3.8,3.806,3.801,3.804,3.801,23.9,23.9,24.2,24.3,24.7,23.9,24.4,24.3,24.0,24.0,24.8,23.8,24.6,24.5,24.2,24.1
2026-06-01T11:49:00,60.54,17.19,65.9,98.6,3.805,3.804,3.807,3.804,3.808,3.803,3.808,3.807,3.807,3.809,3.805,3.805,3.802,3.802,3.807,3.81,24.5,23.8,24.6,24.8,24.0,23.7,24.7,24.7,24.0,24.4,24.8,24.1,24.3,24.5,24.6,24.1
2026-06-01T11:50:00,60.97,15.94,66.5,98.6,3.815,3.809,3.807,3.813,3.81,3.811,3.812,3.811,3.808,3.812,3.815,3.808,3.808,3.808,3.812,3.813,24.6,23.8,24.0,23.9,24.0,24.7,24.1,23.8,23.7,24.2,24.3,24.4,24.7,24.1,24.2,23.9
2026-06-01T11:51:00,61.34,15.3,67.1,98.6,3.816,3.81,3.81,3.814,3.815,3.818,3.814,3.815,3.811,3.81,3.815,3.814,3.816,3.812,3.813,3.818,23.7,24.7,23.8,24.8,24.3,23.8,24.3,24.7,23.8,23.7,24.0,24.0,24.3,24.4,23.9,24.0
2026-06-01T11:52:00,60.86,17.28,67.6,98.6,3.819,3.816,3.817,3.814,3.815,3.82,3.82,3.817,3.82,3.814,3.817,3.821,3.815,3.817,3.816,3.821,24.5,23.7,24.8,24.2,24.0,24.2,24.7,24.8,24.7,24.5,23.9,24.6,24.8,23.8,24.4,23.9
2026-06-01T11:53:00,60.48,17.37,68.3,98.6,3.824,3.825,3.827,3.821,3.82,3.826,3.818,3.825,3.824,3.822,3.823,3.822,3.825,3.822,3.816,3.819,24.8,24.8,24.2,23.7,24.0,24.8,23.8,24.6,24.6,23.9,24.8,23.8,23.9,24.6,24.0,24.2
2026-06-01T11:54:00,61.23,16.47,68.8,98.6,3.824,3.828,3.829,3.822,3.829,3.827,3.83,3.826,3.83,3.828,3.827,3.825,3.828,3.827,3.827,3.829,24.8,24.0,24.7,24.3,24.6,23.8,24.4,24.4,24.2,24.0,23.9,24.6,23.8,24.2,23.8,24.3
2026-06-01T11:55:00,61.28,16.95,69.4,98.6,3.831,3.831,3.833,3.831,3.832,3.831,3.833,3.834,3.832,3.828,3.828,3.833,3.831,3.827,3.831,3.831,24.1,24.6,23.8,24.5,24.1,24.6,24.3,24.4,23.7,24.8,24.6,24.0,24.8,23.7,24.0,24.6
2026-06-01T11:56:00,60.79,16.03,70.0,98.6,3.837,3.833,3.835,3.831,3.832,3.832,3.833,3.837,3.831,3.835,3.833,3.829,3.836,3.835,3.835,3.837,24.7,24.5,24.6,24.4,23.9,24.5,24.7,24.0,24.7,24.5,24.5,24.3,23.9,24.1,24.8,24.0
2026-06-01T11:57:00,61.23,16.05,70.6,98.6,3.841,3.838,3.838,3.834,3.833,3.834,3.837,3.838,3.84,3.84,3.839,3.842,3.838,3.842,3.836,3.839,23.7,24.0,24.8,24.4,23.9,24.6,24.3,24.3,24.8,24.8,24.1,24.0,23.8,23.9,24.8,24.2
2026-06-01T11:58:00,60.78,15.23,71.2,98.6,3.844,3.845,3.838,3.843,3.842,3.842,3.841,3.844,3.843,3.847,3.841,3.84,3.843,3.842,3.843,3.84,24.3,24.3,24.2,23.8,23.7,23.8,24.5,24.5,24.5,23.9,24.4,24.7,24.3,23.6,24.0,24.3
2026-06-01T11:59:00,60.92,15.82,71.8,98.6,3.846,3.846,3.847,3.844,3.849,3.846,3.842,3.849,3.844,3.846,3.844,3.848,3.845,3.841,3.849,3.848,24.3,23.8,23.8,24.3,24.1,24.0,24.5,23.8,24.8,24.5,24.4,24.1,24.3,23.7,24.7,24.4
2026-06-01T12:00:00,60.95,14.72,72.4,98.6,3.853,3.853,3.845,3.844,3.855,3.847,3.847,3.85,3.854,3.849,3.846,3.847,3.846,3.854,3.853,3.846,24.3,24.7,24.6,24.2,24.6,24.0,24.7,24.8,24.7,24.1,24.0,24.6,24.0,24.6,24.6,24.4
2026-06-01T12:01:00,61.85,15.09,73.0,98.6,3.854,3.852,3.852,3.852,3.848,3.853,3.857,3.852,3.852,3.854,3.852,3.853,3.857,3.852,3.857,3.858,24.1,24.0,24.7,23.7,24.3,24.8,24.4,24.7,24.7,24.5,24.0,23.7,24.5,24.0,23.7,24.5
2026-06-01T12:02:00,61.54,14.3,73.6,98.6,3.855,3.86,3.856,3.863,3.857,3.853,3.86,3.861,3.861,3.858,3.857,3.857,3.857,3.857,3.856,3.854,23.8,23.6,24.6,24.6,23.6,24.4,24.3,23.8,23.9,24.1,24.6,24.3,24.1,24.3,24.2,24.7
2026-06-01T12:03:00,61.9,14.8,74.2,98.6,3.864,3.86,3.859,3.865,3.86,3.857,3.86,3.86,3.859,3.866,3.858,3.864,3.864,3.862,3.858,3.859,24.2,23.7,24.7,24.2,24.2,24.6,24.6,24.1,23.6,23.8,24.3,24.7,23.8,23.8,23.8,24.1
2026-06-01T12:04:00,61.52,16.59,74.7,98.6,3.864,3.862,3.866,3.868,3.861,3.867,3.861,3.864,3.87,3.864,3.868,3.866,3.867,3.862,3.864,3.867,24.8,24.1,23.9,23.8,24.1,24.6,24.4,24.4,24.4,24.2,24.4,24.2,24.3,24.4,24.8,23.7
2026-06-01T12:05:00,61.94,16.34,75.3,98.6,3.869,3.866,3.869,3.869,3.867,3.869,3.865,3.872,3.872,3.869,3.864,3.868,3.868,3.868,3.868,3.87,24.3,24.6,24.1,24.2,24.0,23.9,23.9,24.4,24.6,23.9,24.4,24.6,23.9,24.1,24.2,24.4
2026-06-01T12:06:00,61.51,14.69,75.9,98.6,3.873,3.872,3.872,3.877,3.877,3.868,3.871,3.875,3.872,3.876,3.873,3.87,3.87,3.872,3.875,3.878,23.8,24.6,24.0,24.5,24.5,24.6,24.0,23.8,24.0,24.6,23.9,24.7,24.2,24.3,24.4,24.4
2026-06-01T12:07:00,61.68,14.26,76.5,98.6,3.877,3.875,3.88,3.876,3.882,3.882,3.872,3.875,3.88,3.876,3.874,3.875,3.876,3.875,3.878,3.874,24.0,23.6,24.7,24.7,24.3,24.6,23.9,24.8,24.7,24.7,24.5,24.1,23.8,24.7,23.6,24.1
2026-06-01T12:08:00,61.79,15.06,77.1,98.6,3.879,3.879,3.88,3.883,3.883,3.884,3.879,3.882,3.88,3.878,3.879,3.881,3.878,3.884,3.878,3.88,24.3,24.4,24.1,23.6,24.0,24.5,24.7,24.2,24.7,24.0,24.6,23.7,24.6,23.6,24.6,24.4
2026-06-01T12:09:00,61.32,16.33,77.7,98.6,3.889,3.882,3.885,3.886,3.881,3.883,3.884,3.881,3.886,3.879,3.882,3.887,3.881,3.882,3.885,3.885,23.8,23.9,23.8,24.6,23.7,24.2,24.4,24.5,23.9,23.9,24.8,23.7,24.8,24.4,24.0,24.5
2026-06-01T12:10:00,62.14,15.26,78.3,98.6,3.889,3.888,3.889,3.888,3.886,3.888,3.884,3.889,3.89,3.891,3.884,3.89,3.892,3.887,3.886,3.889,23.7,24.4,24.5,24.5,24.7,24.4,24.6,24.2,24.0,24.3,24.2,24.6,24.7,24.5,23.8,24.4
2026-06-01T12:11:00,61.93,14.81,78.8,98.6,3.895,3.892,3.89,3.888,3.896,3.893,3.895,3.891,3.891,3.892,3.89,3.89,3.89,3.891,3.895,3.889,23.8,23.7,24.0,24.0,23.9,24.1,24.8,23.7,23.9,24.6,24.0,24.4,23.8,24.6,24.8,24.1
2026-06-01T12:12:00,62.12,14.19,79.4,98.6,3.896,3.899,3.894,3.895,3.894,3.899,3.892,3.899,3.897,3.899,3.9,3.895,3.895,3.899,3.894,3.897,24.7,24.3,23.7,24.7,23.9,24.1,23.7,23.7,24.7,24.1,23.9,23.7,24.0,23.8,24.8,24.6
2026-06-01T12:13:00,62.71,15.45,80.1,98.6,3.9,3.902,3.9,3.901,3.896,3.901,3.903,3.902,3.897,3.902,3.9,3.904,3.9,3.903,3.901,3.899,24.5,24.6,24.1,23.9,24.4,24.2,24.4,24.5,23.9,23.8,23.8,24.1,24.3,24.1,23.7,24.3
2026-06-01T12:14:00,62.17,16.1,80.6,98.6,3.903,3.91,3.912,3.908,3.908,3.906,3.91,3.91,3.909,3.909,3.905,3.911,3.911,3.91,3.91,3.907,23.8,23.9,24.0,24.2,24.4,24.6,23.8,23.9,23.7,23.7,23.8,24.0,23.7,24.4,23.7,24.3
2026-06-01T12:15:00,62.22,13.43,81.2,98.6,3.916,3.912,3.92,3.916,3.914,3.913,3.912,3.917,3.911,3.919,3.917,3.919,3.913,3.918,3.915,3.912,24.6,24.2,23.9,23.8,24.0,23.7,24.3,24.0,24.5,23.8,24.6,24.5,24.3,23.9,23.8,24.2
2026-06-01T12:16:00,62.18,15.51,81.9,98.6,3.927,3.925,3.925,3.917,3.919,3.924,3.92,3.928,3.922,3.918,3.925,3.925,3.928,3.926,3.925,3.924,24.2,24.4,23.7,23.7,23.6,24.8,24.4,24.1,24.0,23.8,24.8,24.4,24.7,23.8,24.7,23.6
2026-06-01T12:17:00,62.66,14.99,82.4,98.6,3.931,3.927,3.929,3.934,3.934,3.927,3.933,3.935,3.932,3.933,3.931,3.931,3.931,3.93,3.93,3.935,24.1,24.1,23.6,24.8,24.5,24.4,24.4,23.7,24.3,24.5,23.7,24.3,24.5,24.4,24.0,23.8
2026-06-01T12:18:00,62.57,15.26,83.1,98.6,3.94,3.937,3.938,3.941,3.941,3.94,3.941,3.94,3.943,3.939,3.94,3.941,3.938,3.942,3.935,3.939,23.9,24.4,24.4,24.7,24.0,24.6,24.6,24.6,24.3,23.9,24.5,24.2,24.1,24.6,24.1,24.4
2026-06-01T12:19:00,62.57,14.55,83.7,98.6,3.948,3.949,3.942,3.944,3.945,3.941,3.945,3.946,3.945,3.944,3.946,3.945,3.942,3.949,3.945,3.947,23.6,23.7,24.7,24.6,24.6,23.7,23.7,24.1,24.4,23.8,24.2,24.2,23.6,24.1,24.4,24.8
2026-06-01T12:20:00,63.29,14.61,84.3,98.6,3.956,3.951,3.956,3.953,3.953,3.951,3.952,3.956,3.954,3.957,3.955,3.956,3.951,3.952,3.951,3.957,24.2,24.5,24.5,23.6,24.6,23.6,24.5,24.2,24.1,23.7,24.2,23.8,23.7,23.8,24.5,24.5
2026-06-01T12:21:00,63.18,13.22,84.8,98.6,3.96,3.958,3.962,3.964,3.959,3.957,3.96,3.959,3.956,3.959,3.965,3.958,3.962,3.957,3.957,3.957,24.6,24.4,23.7,24.2,24.4,24.4,24.1,24.1,24.7,24.7,23.7,24.4,24.0,24.5,24.2,23.7
2026-06-01T12:22:00,63.66,15.14,85.4,98.6,3.965,3.965,3.972,3.965,3.963,3.969,3.964,3.964,3.967,3.969,3.963,3.971,3.97,3.969,3.965,3.971,24.3,23.8,24.6,24.2,24.4,23.8,24.6,24.8,24.5,23.9,24.1,23.6,24.1,24.5,24.6,24.5
2026-06-01T12:23:00,63.52,13.46,86.0,98.6,3.974,3.969,3.976,3.973,3.979,3.974,3.978,3.978,3.979,3.975,3.974,3.975,3.972,3.975,3.975,3.977,24.1,23.7,24.3,24.1,23.9,23.9,24.0,24.4,24.4,23.7,24.2,23.9,24.2,24.7,23.9,24.1
2026-06-01T12:24:00,63.16,13.73,86.6,98.6,3.984,3.981,3.982,3.982,3.986,3.986,3.983,3.981,3.981,3.982,3.984,3.987,3.986,3.981,3.984,3.982,24.5,24.0,24.5,24.4,23.8,23.8,23.9,24.3,24.3,24.5,23.8,24.1,23.9,23.6,24.3,23.7
2026-06-01T12:25:00,63.13,13.42,87.2,98.6,3.99,3.988,3.993,3.989,3.985,3.987,3.991,3.991,3.989,3.993,3.992,3.993,3.988,3.987,3.986,3.987,24.6,23.9,24.4,24.2,24.3,23.8,23.9,23.7,23.8,23.8,23.7,23.9,24.6,23.8,23.7,24.3
2026-06-01T12:26:00,63.69,14.63,87.7,98.6,3.994,3.998,3.996,4.0,3.996,3.999,3.997,3.998,3.994,3.994,3.998,3.999,3.998,3.995,4.0,3.994,24.1,24.3,23.9,24.5,24.2,24.3,24.3,24.5,24.1,23.9,23.6,24.4,24.1,24.2,23.7,24.0
2026-06-01T12:27:00,63.89,15.77,88.3,98.6,4.003,4.006,4.008,4.003,4.004,4.008,4.006,4.001,4.001,4.007,4.007,4.009,4.006,3.999,4.0,4.007,24.4,24.6,24.5,23.7,23.7,24.0,24.7,24.2,23.7,24.8,24.3,23.9,24.5,24.6,24.2,23.8
2026-06-01T12:28:00,64.46,15.52,88.9,98.6,4.014,4.01,4.007,4.016,4.009,4.007,4.012,4.007,4.012,4.011,4.014,4.014,4.011,4.013,4.012,4.012,23.6,23.8,23.8,24.3,23.8,24.4,24.1,24.6,24.3,24.8,24.3,24.5,24.2,23.9,24.0,24.1
2026-06-01T12:29:00,64.06,13.8,89.5,98.6,4.014,4.018,4.022,4.016,4.016,4.018,4.018,4.024,4.015,4.018,4.019,4.02,4.018,4.021,4.017,4.014,24.1,24.6,24.4,23.6,24.2,24.6,23.6,24.7,24.1,24.1,24.2,24.6,23.8,24.8,23.9,24.2
2026-06-01T12:30:00,64.26,12.7,90.1,98.6,4.026,4.025,4.027,4.029,4.025,4.026,4.027,4.028,4.023,4.029,4.027,4.026,4.02,4.024,4.028,4.024,23.6,24.1,23.6,24.2,24.7,24.1,23.7,24.0,23.9,24.2,23.7,24.6,24.6,23.6,24.7,24.1
2026-06-01T12:31:00,63.92,15.27,90.7,98.6,4.039,4.032,4.036,4.035,4.035,4.035,4.032,4.034,4.031,4.033,4.035,4.032,4.034,4.032,4.031,4.03,24.8,24.7,24.4,24.6,24.6,24.6,24.7,24.8,24.6,24.3,24.8,23.7,24.5,23.7,24.7,24.7
2026-06-01T12:32:00,64.58,13.83,91.3,98.6,4.04,4.041,4.046,4.044,4.038,4.039,4.042,4.04,4.045,4.036,4.045,4.044,4.04,4.038,4.044,4.039,23.7,24.2,24.1,24.3,24.0,23.7,24.2,24.7,24.8,23.7,24.4,24.3,24.0,24.8,23.8,24.8
2026-06-01T12:33:00,64.81,12.79,91.9,98.6,4.05,4.046,4.048,4.046,4.047,4.052,4.049,4.05,4.052,4.046,4.046,4.046,4.047,4.051,4.047,4.05,24.5,24.3,24.4,24.4,24.3,24.0,24.4,23.8,23.9,23.7,23.7,23.7,24.4,24.1,24.7,24.7
2026-06-01T12:34:00,64.82,13.04,92.5,98.6,4.053,4.059,4.057,4.058,4.057,4.057,4.056,4.06,4.059,4.055,4.061,4.059,4.059,4.058,4.054,4.059,23.6,23.8,24.0,23.7,24.1,24.2,24.5,24.1,24.6,24.7,24.1,24.4,23.6,24.2,24.3,24.2
2026-06-01T12:35:00,64.77,15.03,93.2,98.6,4.066,4.07,4.067,4.065,4.065,4.066,4.069,4.064,4.064,4.064,4.063,4.068,4.066,4.064,4.064,4.068,24.1,24.1,24.2,24.0,24.6,24.7,23.9,24.1,23.6,23.9,23.7,24.1,24.6,24.3,24.7,24.0
2026-06-01T12:36:00,65.07,14.1,93.7,98.6,4.072,4.072,4.071,4.072,4.073,4.073,4.073,4.068,4.075,4.07,4.076,4.071,4.077,4.07,4.074,4.072,23.7,24.3,23.8,24.4,23.7,24.4,24.7,23.7,24.2,24.8,23.6,24.5,23.7,24.5,23.7,23.7
2026-06-01T12:37:00,64.96,14.62,94.3,98.6,4.077,4.083,4.084,4.076,4.079,4.081,4.079,4.08,4.077,4.079,4.078,4.08,4.079,4.077,4.085,4.08,24.7,24.3,24.8,24.2,24.8,24.0,23.7,23.8,24.5,24.8,24.7,24.1,23.6,24.0,24.4,24.8
2026-06-01T12:38:00,65.3,14.78,94.9,98.6,4.085,4.088,4.085,4.088,4.088,4.082,4.082,4.083,4.083,4.084,4.089,4.091,4.088,4.084,4.082,4.083,23.8,24.5,23.6,24.0,24.6,24.8,24.1,24.1,23.7,23.6,24.5,24.3,23.7,24.7,24.6,24.6
2026-06-01T12:39:00,64.89,13.8,95.5,98.6,4.098,4.095,4.093,4.094,4.094,4.088,4.093,4.093,4.092,4.094,4.095,4.093,4.094,4.097,4.09,4.097,24.2,23.9,24.6,24.7,23.9,24.7,24.1,24.2,24.2,23.8,24.6,23.8,24.7,24.8,23.9,23.8
2026-06-01T12:40:00,65.44,13.74,96.0,98.6,4.098,4.1,4.098,4.097,4.103,4.097,4.099,4.101,4.106,4.101,4.105,4.104,4.096,4.104,4.099,4.102,24.0,24.7,24.6,24.3,24.1,23.7,23.7,23.6,24.4,23.8,24.4,23.6,23.7,24.6,24.4,23.8
2026-06-01T12:41:00,65.88,13.95,96.6,98.6,4.108,4.109,4.106,4.106,4.11,4.104,4.106,4.108,4.105,4.112,4.106,4.106,4.109,4.107,4.106,4.111,24.6,24.7,24.1,24.6,23.8,23.9,24.1,24.1,23.8,24.7,24.1,24.3,24.2,23.9,23.7,23.9
2026-06-01T12:42:00,65.67,13.21,97,98.6,4.115,4.118,4.115,4.115,4.115,4.113,4.108,4.114,4.114,4.116,4.112,4.113,4.115,4.112,4.111,4.114,23.9,24.6,24.7,23.6,24.4,23.6,23.9,24.5,24.4,24.0,24.6,24.0,24.1,24.4,23.8,24.1
2026-06-01T12:43:00,65.46,14.95,97,98.6,4.116,4.111,4.108,4.114,4.117,4.116,4.111,4.115,4.109,4.116,4.118,4.109,4.111,4.117,4.111,4.114,24.1,23.9,24.7,24.4,23.7,23.7,24.5,24.2,24.5,24.2,24.7,23.9,24.4,24.3,24.8,23.8
2026-06-01T12:44:00,65.69,14.43,97,98.6,4.114,4.109,4.11,4.112,4.115,4.114,4.108,4.115,4.108,4.113,4.115,4.114,4.117,4.113,4.113,4.111,23.9,24.3,24.5,24.5,24.4,24.0,23.8,23.7,24.1,23.8,24.6,24.3,24.0,24.3,24.1,24.1
2026-06-01T12:45:00,65.59,12.91,97,98.6,4.117,4.109,4.111,4.113,4.115,4.113,4.115,4.111,4.109,4.111,4.109,4.111,4.109,4.111,4.108,4.112,24.6,24.5,24.2,23.6,24.6,24.3,23.6,24.5,24.6,24.2,23.7,24.5,24.6,24.4,24.1,23.6
2026-06-01T12:46:00,65.12,14.24,97,98.6,4.109,4.109,4.113,4.116,4.108,4.11,4.113,4.114,4.112,4.112,4.11,4.114,4.114,4.114,4.108,4.11,23.6,23.6,24.0,24.3,24.7,24.2,24.5,24.8,24.5,23.9,23.8,23.9,23.8,24.3,23.6,24.3
2026-06-01T12:47:00,64.71,11.97,97,98.6,4.11,4.111,4.112,4.109,4.112,4.116,4.11,4.108,4.116,4.113,4.115,4.108,4.107,4.114,4.111,4.112,23.9,24.2,23.8,23.8,24.0,24.0,24.3,24.0,24.3,24.3,24.6,23.9,24.0,24.2,24.3,23.7
2026-06-01T12:48:00,65.83,14.81,97,98.6,4.113,4.108,4.11,4.11,4.115,4.109,4.114,4.112,4.113,4.114,4.111,4.116,4.111,4.112,4.118,4.109,24.2,23.8,24.3,24.3,24.1,24.1,24.5,24.0,24.6,24.8,24.5,23.6,24.4,23.9,23.6,24.1
2026-06-01T12:49:00,65.39,12.8,97,98.6,4.114,4.117,4.112,4.112,4.116,4.11,4.112,4.112,4.114,4.11,4.111,4.108,4.114,4.113,4.114,4.11,24.2,24.4,24.1,23.9,24.5,23.6,24.6,23.8,24.5,24.4,23.7,24.3,24.5,23.8,23.8,23.9
2026-06-01T12:50:00,65.84,12.64,97,98.6,4.118,4.114,4.111,4.112,4.114,4.117,4.11,4.11,4.11,4.113,4.115,4.11,4.11,4.108,4.108,4.114,24.3,23.9,24.1,24.6,23.8,23.6,23.7,24.7,24.1,23.9,24.4,24.3,24.5,23.9,24.2,24.2
2026-06-01T12:51:00,65.17,12.64,97,98.6,4.114,4.114,4.116,4.111,4.111,4.117,4.111,4.116,4.114,4.111,4.11,4.111,4.108,4.111,4.114,4.107,24.2,23.7,24.3,24.1,23.7,24.6,24.0,24.3,24.1,24.5,23.7,23.6,24.7,24.0,24.6,24.1
2026-06-01T12:52:00,65.69,12.93,97,98.6,4.112,4.115,4.113,4.112,4.115,4.113,4.111,4.118,4.112,4.115,4.111,4.108,4.112,4.115,4.108,4.117,24.0,23.8,24.6,24.6,24.5,23.7,24.5,24.0,24.6,24.0,24.3,24.0,24.5,24.2,24.2,24.1
2026-06-01T12:53:00,65.65,12.73,97,98.6,4.112,4.116,4.116,4.116,4.115,4.114,4.111,4.114,4.112,4.116,4.117,4.111,4.111,4.112,4.109,4.112,24.2,24.3,24.3,24.5,24.5,24.2,24.2,23.7,24.5,24.5,24.6,24.5,24.5,24.7,23.6,24.3
2026-06-01T12:54:00,65.87,13.34,97,98.6,4.109,4.115,4.112,4.115,4.114,4.114,4.111,4.118,4.11,4.114,4.111,4.109,4.112,4.11,4.111,4.116,24.2,24.3,24.6,24.2,23.6,23.6,24.4,24.2,24.5,24.5,24.4,24.2,24.7,24.5,24.6,23.9
2026-06-01T12:55:00,65.27,12.97,97,98.6,4.111,4.11,4.116,4.117,4.111,4.114,4.115,4.111,4.108,4.115,4.11,4.11,4.112,4.109,4.112,4.112,24.5,24.3,23.9,24.6,23.6,24.3,24.7,24.0,23.8,24.5,24.0,23.6,24.4,23.8,24.3,23.7
2026-06-01T12:56:00,65.51,14.15,97,98.6,4.112,4.111,4.109,4.114,4.111,4.116,4.118,4.114,4.11,4.112,4.11,4.115,4.112,4.114,4.112,4.112,23.9,24.1,24.6,24.0,24.6,24.7,24.3,24.5,24.4,23.8,23.7,24.7,24.1,24.1,24.7,23.8
2026-06-01T12:57:00,65.59,13.1,97,98.6,4.113,4.111,4.116,4.114,4.111,4.11,4.115,4.115,4.109,4.115,4.118,4.113,4.11,4.117,4.114,4.115,24.7,24.2,23.8,24.2,24.4,23.6,23.6,23.9,24.4,24.2,24.4,24.7,24.3,24.3,23.8,23.8
2026-06-01T12:58:00,65.04,13.6,97,98.6,4.112,4.117,4.117,4.113,4.111,4.11,4.114,4.116,4.113,4.113,4.114,4.111,4.11,4.112,4.112,4.118,24.1,24.2,23.8,23.6,24.7,24.3,24.4,24.4,23.8,23.7,23.6,24.6,24.0,24.4,24.0,24.4
2026-06-01T12:59:00,65.56,13.18,97,98.6,4.11,4.109,4.112,4.109,4.11,4.111,4.111,4.109,4.115,4.117,4.112,4.115,4.113,4.111,4.113,4.114,24.7,23.9,24.3,24.5,24.3,23.6,23.6,24.3,24.2,24.4,23.7,24.4,24.3,24.2,24.7,24.0
